-- phpMyAdmin SQL Dump
-- version 4.9.7
-- https://www.phpmyadmin.net/
--
-- Host: localhost:3306
-- Generation Time: Feb 13, 2023 at 04:34 PM
-- Server version: 8.0.32
-- PHP Version: 7.4.33

SET SQL_MODE = "NO_AUTO_VALUE_ON_ZERO";
SET AUTOCOMMIT = 0;
START TRANSACTION;
SET time_zone = "+00:00";


/*!40101 SET @OLD_CHARACTER_SET_CLIENT=@@CHARACTER_SET_CLIENT */;
/*!40101 SET @OLD_CHARACTER_SET_RESULTS=@@CHARACTER_SET_RESULTS */;
/*!40101 SET @OLD_COLLATION_CONNECTION=@@COLLATION_CONNECTION */;
/*!40101 SET NAMES utf8mb4 */;

--
-- Database: `ztcanrtj_xooom`
--

-- --------------------------------------------------------

--
-- Table structure for table `customer`
--

CREATE TABLE `customer` (
  `customer_id` int NOT NULL,
  `Name` varchar(30) NOT NULL,
  `email` varchar(40) NOT NULL,
  `contactNum` varchar(30) NOT NULL,
  `address` varchar(100) NOT NULL,
  `services` varchar(100) NOT NULL,
  `car_type` varchar(50) NOT NULL,
  `time` varchar(30) NOT NULL,
  `date` varchar(50) NOT NULL,
  `comment` varchar(100) NOT NULL,
  `status` varchar(20) NOT NULL
) ENGINE=InnoDB DEFAULT CHARSET=utf8mb4 COLLATE=utf8mb4_0900_ai_ci;

--
-- Dumping data for table `customer`
--

INSERT INTO `customer` (`customer_id`, `Name`, `email`, `contactNum`, `address`, `services`, `car_type`, `time`, `date`, `comment`, `status`) VALUES
(41, 'Mark Nester A. Colorado', 'marknestercolorado@gmail.com', '639483875446', 'Ozamis City', 'Ultimate', '', '', '07/08/2021', 'Tawagi lng ko sir. aron mag sabot lng ta asa mag kita sa Ozamis City. Thakyou', 'complete'),
(42, 'Meghan Ong', 'giokdu@yahoo.com', '09177220706', 'P-5 Gango Highway Ozamiz City', 'Ultimate', '', '9am', '07/04/2021', '', 'complete'),
(43, 'Elaine D. Bucog', '', '09481079128', 'P-1 Urban poor Molicay Ozamiz City', 'Ultimate', '', '12pm', '07/03/2021', '', 'complete'),
(67, 'Hazel Pioquinto', 'goshen.hcp@gmail.com', '09989573148', 'FJK Trading Las Aguadas Ext. Ozamiz City', 'Ultimate', 'Fortuner', '9am', '07/05/2021', 'This is for training. Please upsell watermarks', 'complete'),
(68, 'Nelford Tumala', 'njsbeventsprints@gmail.com', '09304610066', 'Ozamiz City National High School - City High', 'Ultimate', 'Van', '9am', '07/07/2021', 'Call Sir Nel. Maestro sa city high.. i confirm sa iya ang time.\n\nPlease pa pic nila after with the v', 'complete'),
(69, 'Christopher Estiva', '', '09997310432', 'Ledesma st.infrot macfit gym, Aguada', 'Ultimate', 'Ford Raptor', '9am', '07/09/2021', 'Please call ahead. Upsell ', 'complete'),
(70, 'Lawrence Calinawan', 'lawrence.calinawan@gmail.com', '09166805384', 'P3 Carangan Ozamiz City Misamis Occidental', 'Premium', 'Mirage Hatchback GLX 2017/Crosswind XT 2011', '9am', '2022-01-24', '', 'complete'),
(74, 'Lea Biawang', 'biawanglea@gmail.com', '09171581699', 'St stephanie malaubang', 'Ultimate', 'Vios', '3pm', '07/10/2021', '', 'complete'),
(75, 'KT Denise Tan', 'kttan2001@gmail.com', '09082575977', 'Badon Maningcol, infront of Hebron Maningcol Ozamiz City', 'Premium', 'Strada', '12pm', '07/11/2021', 'Call me if you are near the location', 'complete'),
(81, 'farrah neri', 'farrahneri@gmail.com', '639189400462', 'inside Naomis Botanical Garden Banadero Ozamiz City', 'Ultimate', 'Navara', '3pm', '07/12/2021', 'inside naomis botanical garden gate black near pool', 'complete'),
(91, 'Chiedel', 'chiedeljoan.snd@gmail.com', '09399378031', 'Block 2 lot 52 RS Tan Village, Maningcol, Ozamiz City', 'Premium', 'Ecosport', '9am', '07/19/2021', 'None', 'cancelled'),
(92, 'Imelda Sande', 'na', '09177052228', ' Bernad Subdivision, Tirol Compound', 'Ultimate', 'Expander', '3pm', '07/23/2021', 'unahan ra sa 02ZONE N 3T TIRE BODEGA..Chikadora and business minded. Pls. Tarunga handle ug pg upsel', 'cancelled'),
(93, 'Tita Sepulveda', 'Tita Sepulveda FB', '09052683194', 'Purok 2 Lam An Highway in front of sea oil', 'Premium', 'Mitsubishi Expander', '3pm', '07/21/2021', 'Tita Sepulveda 0urok 2 lam an hiway in front of sea oil orange haus. Oldt landline 5211176 .  Cp no ', 'complete'),
(94, 'Dodge Christian A. Cagaanan', 'dodgecagaanan@gmail.com', '639088749553', 'Greenview Village, Brgy Maningcol, Ozamiz City ', 'Premium', 'Navara', '9am', '07/26/2021', 'Landmark: 2nd house, black gate, beside mango tree.. ', 'complete'),
(97, 'Charlene estiva', 'cestiva9@gmail.com', '09462512079', 'Poruk 6 poblacion 4 clarin misamis occidental', 'Ultimate', 'Raptor ford /pick-up', '9am', '07/22/2021', 'Talan bodega', 'complete'),
(98, 'Madeleine maghanoy', 'firstjewel30@gmail.com', '09955498630', 'purok 1 bongbong ozamiz city', 'Ultimate', 'fortuner', '9am', '07/23/2021', 'Infront of catholic chapel', 'complete'),
(100, 'Lily Bess Cipres', 'undagmaglasang@yahoo.com', '09209668235', 'MIT atbang Dotties Inn', 'Premium', 'Montero', '9am', '07/24/2021', 'Yaw butangi ug scent ang fogging. Yaw gamiti ug car freshener', 'complete'),
(104, 'ronie nicko sumobay', 'rsumobay1984@yahoo.com', '09057362396', '82 Cotta Area, Ozamiz City', 'Premium', 'Nissan navara', '9am', '07/28/2021', 'Cotta shrine', 'complete'),
(105, 'Marites M. Ongco', 'alfheascarlett@yahoo.com', '09079692462', 'P- 3 Pantaon, Ozamiz City', 'Ultimate', 'Mini dam IZUZU', '9am', '08/01/2021', 'Unahan sa centro', 'cancelled'),
(107, 'Ruben Bernal', 'NA', '09078828855', 'Dona Rupina Mediatrex Phase 2 Block 1 Lot 19 Brgy Bagakay Ozamiz City', 'Premium', 'Nissan Navara', '9am', '08/04/2021', 'This is for Aug 3 booking.', 'complete'),
(108, 'Melanie Cipres', 'melanie.cipres2017@gmail.com', '9088740767', 'Block 9 Lot 9, St Stephanie Estates, Malaubang Ozamiz City', 'Premium', 'Wigo', '9am', '07/31/2021', 'Pwede earlier sir? Kay basin naa kalit2x lakaw', 'complete'),
(109, 'Bonifacio G. Unos', 'faithcianthoby@gmail.com', '09213774375', 'P5, Carangan, Ozamiz City, Mis. Occ. ', 'Basic', 'MB 100', '3pm', '08/01/2021', 'None', 'complete'),
(110, 'Gary Co', 'na', '09190857285', 'St. Stephanie Estate, Malaubang, Ozamiz City', 'Ultimate', 'Isuzu Dmax', '9am', '07/30/2021', 'Include seat cover', 'complete'),
(111, 'Blessel Gallardo', 'bless.gallardo26@icloud.com', '09085444632', 'Block 3 Lot 7 Timberland Homes Mediatrix Gango', 'Premium', 'Zuzuki Vitara', '3pm', '07/31/2021', '09085444632 / 092667109\n', 'complete'),
(112, 'Rayna Mae Baulite', 'na', '09955491147', 'Block 1 lot 3 st.stephanie malaubang Ozamiz city', 'Ultimate', 'Rush', '12pm', '08/01/2021', 'On time', 'complete'),
(113, 'Kim Uy', 'kimdarbyuu@yahoo.com', '639164931146', 'Purok 2 Bañadero Highway Ozamiz City', 'Ultimate', 'Toyota Vios', '12pm', '08/02/2021', 'Landmark: AVIDA MINIMART(infront) Blue Gate', 'complete'),
(114, 'Genesis agapay', 'na', '0917777285', 'Blk 1 lot 14', 'Premium', 'Wigo', '9am', '08/02/2021', 'Na', 'complete'),
(115, 'Tes Barcoma', 'na', '09283338972', 'Purok 4 malaubang Ozamiz city', 'Premium', 'Montero', '9am', '08/06/2021', 'Na', 'complete'),
(116, 'Jazzilo Godinez', 'na', '09501034086', 'Atbang montesiru school na daan, Doña Conuelo', 'Premium', 'Zusuki Dzire', '3pm', '08/06/2021', 'Na', 'complete'),
(125, 'Vince Malalis', 'judy_71@yahoo.com.ph', '09554738210', '#82 P-1 Pulot, Ozamiz City', 'Ultimate', 'Nissan Terra', '9am', '08/09/2021', '.', 'cancelled'),
(126, 'Jan Cabresos', 'na', '000', 'St. Stephanie', 'Ultimate', 'Celerio', '12pm', '08/07/2021', 'Na', 'complete'),
(135, 'Jezreel Faith Montes', 'jezreelfaith.montes@gmail.com', '09175388837', 'La Grande Maison-LSU Study Center, Abanil Extension, Aguada, Ozamiz City', 'Ultimate', 'Chevrolet Sail - Sedan', '12pm', '08/08/2021', 'Location is La Salle Dorm', 'cancelled'),
(136, 'Alan Azares Jr', 'kinoyazares@gmail.com', '09566952639', 'Pines, Oroquieta City', 'Ultimate', 'Nissan Almera', '9am', '08/10/2021', 'Good output', 'complete'),
(137, 'Reynalo Gomolon', 'rgdexdelxpres@gmail.com', '09060326127', 'Purok 2 Dimaluna Blue Gate National Highway', 'Ultimate', 'Toyota Hilux', '3pm', '08/10/2021', 'Atbang sa brgy hall', 'complete'),
(140, 'Jade ortiz', 'jade26ortiz90@gmail.com', '9171489604', 'Annex ozamiz city', 'Ultimate', 'Nissan navarra', '9am', '08/12/2021', 'Gawas sa toutist in lng mag meet up tnx', 'complete'),
(141, 'Chiedel.Joan San Diego', 'chiedeljoan.snd@gmail.com', '09399378031', 'Labuyo, Tangub Ciry', 'Ultimate', 'FORD ECOSPORT', '3pm', '08/11/2021', 'None', 'complete'),
(142, 'Ildefonso camacho', 'na', '09559018928', 'Oroquieta city tulay clamuhoy bakery', 'Premium', 'Honda fit', '9am', '08/11/2021', 'Na', 'complete'),
(143, 'Jekko Martini Guitarte', 'martini41jek@gmail.com', '09359515577', 'Door B, Lafuente Apt., Purok 7, Poblacion 4, Clarin', 'Premium', 'Toyota Wigo', '3pm', '08/12/2021', 'Near Talan Haplacious oil factory, at the back of New 10th storey building. ', 'complete'),
(144, 'Ret Col Jose Francis Dela Fuen', 'na', '09051517556', 'Absolo Res, Abanil Ext, Bryan. Aguda', 'Premium', 'Vios', '12pm', '08/13/2021', 'Na', 'cancelled'),
(145, 'Hoven Uy', 'na', '09195625249', 'Circumferential  road aguada ', 'Premium', 'Vios', '12pm', '08/12/2021', 'Na', 'complete'),
(146, 'Ret, Col. Jose Francis Dela fu', 'na', '09051517556', 'Abasolo Res, Abanil Ext. Brgy. Aguada', 'Premium', 'Vios', '9am', '08/16/2021', 'Na', 'complete'),
(147, 'Therdy Robles', 'robgauz_00@yahoo.com', '09998911438', 'Door 6 delos santos apartment, bonifacio ext aguada', 'Premium', 'Toyota vios', '9am', '08/23/2021', 'Brgy.hall aguada dool ang apartment ang gate yellow open ra sya permi daun naay karatula sa CARD dih', 'complete'),
(149, 'Daffy Tawantawan', 'na', '09954875200', 'Camp Dominguez, Brgy Libertad Bajo, Sinacaban, Mis Occ', 'Ultimate', 'Innova', '9am', '08/18/2021', 'additional fee P100\n\nTotal of 950.00', 'complete'),
(150, 'Jb Buac', 'na', '09567002795', 'Green Valley tinago, Ozamiz City\n\n', 'Premium', 'Expander', '3pm', '08/18/2021', 'Give him free UV lights for 5 mins\n', 'complete'),
(151, 'Tom Obach', 'tom.obach@yahoo.com', '639178818323', 'Mt. Moriah Inn Maningcol', 'Ultimate', 'Honda BRV', '3pm', '08/24/2021', 'Beside Mharsmc\n\n* motawag ang customer if maabot xa sayo. Be ready lang', 'cancelled'),
(152, 'Tina', 'tinajorge_millan@icloud.com', '09209888857', 'Elim Village, Mindog Maningcol Ozamiz city', 'Premium', 'Fortuner', '9am', '08/19/2021', 'Unahan sa mhars gen hospital', 'complete'),
(153, 'Luis Wong Jr ', 'luiswong_jr@yahoo.com', '09209181680', '3rd Floor Sony Service Center Building across Medina Gym, Don Anselmo Bernad Avenue, Ozamiz City', 'Ultimate', 'D-Max', '3pm', '08/19/2021', ' Naa ra sa garahe sa ubos ang sakyanan man tapad sa central restaurant. Just call me pag on the way ', 'complete'),
(154, 'Philip angelo leonardo', 'philipangelo_08@yahoo.com', '09389677210', 'Gango purok-3', 'Premium', 'Toyota vios', '3pm', '08/20/2021', 'Just call\n\nVin: just car fogging sanitation. Walay carwash\nFREE ni xa ug UV light for 15 mins', 'complete'),
(155, 'Alfie Acasio', 'na', '09383076277', 'Brgy. Bagakay Cadre golf coure', 'Ultimate', 'Wigo', '9am', '08/21/2021', 'Na', 'complete'),
(156, 'Jed Go', 'jed.go26@gmail.com', '09301565153', 'Atbang cityhall likod sa emission test.', 'Premium', 'Wigo', '9am', '08/20/2021', 'Please contact the number given if going na sa location thank you! ', 'complete'),
(157, 'Bianca Jumaani', 'charm.jumaani@gmail.com', '09562951397', 'P7, Bitoon, Aguada, Ozamiz City (in front of Pegalan Compound)', 'Premium', 'Hatchback Mirage', '3pm', '08/23/2021', 'Landmark: atbang Sa Kingdom of Jehova’s Witness (circumferrential road)', 'complete'),
(158, 'Dr. Singidas', 'na', '0918900855', 'Black 3, Lot 1 Camella Homes Ozamiz City', 'Ultimate', 'Peugeot 3008', '9am', '08/25/2021', 'Please be on time kay mag rounds pa si doc.. Salamat.. ', 'complete'),
(159, 'Melchor Martinez', 'melchordmartinez@gmail.com', '09560155549', 'Balaring Aloran Misamis Occidental', 'Premium', 'Fortuner', '12pm', '08/25/2021', 'In front of Labo Full Gospel Church \n100 meters from Labo elementary school', 'complete'),
(160, 'Joyce Abella Suezo', 'na', '', 'Tupperware Ofis Valconcha St Ozamiz', 'Ultimate', 'Fortuner', '12pm', '08/26/2021', '1pm\n\nJust look for me at Tupperware ofis \nKCU 5882 pearl white \nFortuner', 'complete'),
(161, 'Gina Watin', 'na', '09108676019', 'Jbn phase 2 purok 4a, Carangan,', 'Ultimate', 'Wigo', '9am', '09/01/2021', 'Be on time kay naa pa xa laing lakaw,,', 'complete'),
(162, 'Mark jhoemar Baguio', 'twinny591@gmail.com', '09751089600', 'Purok 5 Malaubang, Ozamiz City 7200', 'Premium', 'Suzuki Ciaz', '9am', '08/28/2021', 'at bojos store beside JKM warehouse along costal road Purok 5 napo Malaubang Ozamiz City\n\nVin: disco', 'complete'),
(163, 'JR Peter Bangcong', 'jrpeter.bangcong@gmail.com', '09505279927', 'Purok 6, fuentes beach lupagan, Clarin, Mis. Occ.', 'Premium', 'Kia picanto', '3pm', '08/28/2021', 'Gate sa fuentes beach, unahan sa Loretos Beach resort sa Lupagan clarin...\n\nNote: P100 travel charge', 'complete'),
(164, 'Dodong Medina', 'na', '09554895949', 'Purok 5 Malaubang Ozamiz City', 'Ultimate', 'Mirage', '9am', '08/29/2021', 'Rodel\' s Customer \n\nVin - discount P50 taga malaubang', 'complete'),
(165, 'Jan Cabresos', 'na', '09122317048', 'Purok 6 malaubang Ozamiz city', 'Ultimate', 'Celerio', '12pm', '08/31/2021', 'Regular customer ', 'cancelled'),
(166, 'Arlyn Licanda', 'na', '09352711728', 'Luyo Merkado, ozamiz city', 'Premium', 'Adventure ', '12pm', '08/30/2021', '1pm jud na iya schedule .hulat lang ta 1pm', 'complete'),
(167, 'Joshua Romano', 'joshua.romano162207@gmail.com', '09453986653', 'P4 Bañadero Ozamiz City', 'Premium', 'Fortuner 2015', '12pm', '08/29/2021', 'Vin :  - Mo adto xa sa atoa. Please call him before 3 pm.\n\n10% discount kay mghulat xa.', 'complete'),
(168, 'Jelly Mae Fernandez Limpangog', 'juliuslimpangog@gmail.com', '639468823914', 'Purok 3  Malaubang (near catholic small chapel)', 'Ultimate', 'Honda Fit', '3pm', '08/31/2021', 'Green gate right side with sari2 store. See you team xoooom! Keepsafe!\n\nVIN - discount P50 kay taga ', 'complete'),
(169, 'Felcor T. Blanco', 'jon8662@gmail.com', '09328713433', 'P7 Carmen , Annex Ozamis City', 'Ultimate', 'Nissan Navara', '9am', '08/30/2021', 'Landmark: At the back of Medina Hospital \nNote: My unit is ceramic coated/painted.', 'complete'),
(170, 'Ronald Dinulos', 'tototd73@yahoo.com', '09177717277', 'Purok 2 brgy molicay, ozamiz city', 'Premium', 'Ford everest ', '12pm', '09/01/2021', 'No to tire black\nVin- free UV for 5 mins\nP700 kay xL ni', 'complete'),
(171, 'Ronald Dinulos', 'tototd73@yahoo.com', '09177717277', 'Purok 2 Brgy Molicay', 'Premium', 'Ford Ranger', '3pm', '09/01/2021', '2nd car of the cust. No tire black\nVIN - FREE UV for 5 mins and 10% discount P600 ra ni xa kay wla n', 'cancelled'),
(172, 'maxi franz mercado', 'maxifranzm@gmail.com', '9506879125', 'LTO ozamis', 'Premium', 'picanto', '12pm', '08/31/2021', 'Atbang sa Lto mo kay landong. If mg saksak na ug wire, i ask lang si sir asa ang duol maka abot ang ', 'complete'),
(173, 'Gina Garcia', 'na', '09090199536', 'Bañadero high way, triple z store', 'Premium', 'Toyota rush ', '9am', '09/06/2021', '600 ang bayad premium ni xa thank you del.', 'complete'),
(174, 'Doc, Singidas', 'na', '09189002855', 'Block 3 Lot 1 Camella Homes Ozamiz City', 'Basic', 'Peugeot 3008', '12pm', '09/01/2021', 'Basic 350 less 10% so ang mabayad 315 nalang del salamat de.', 'complete'),
(175, 'Rizalyn Abangan', 'zariabs76@gmail.com', '09219799529', 'Isla Dos, Mindog, Maningcol, Ozamiz City', 'Premium', 'Kia Picanto', '9am', '09/07/2021', 'Pls call me so I can give the ditection to my location...ty', 'cancelled'),
(176, 'Julius Cabalay', 'jlcabalay@gmail.com', '09382189667', 'Lot 4 block 16 Vigo St. Camella Homes', 'Premium', 'Nissan Navara', '9am', '09/04/2021', 'Call me if available ang time slot i choosed', 'cancelled'),
(177, 'Julius Cabalay', 'na', '09382189667', 'Lot 4 Block 16 Vigo St. Camella Himes', 'Premium', 'Navarra', '9am', '09/05/2021', 'Na', 'complete'),
(178, 'Aries Trinidad', 'na', '09177189085', 'Block 8Lot 18 doña rufina bagakay', 'Ultimate', 'Hilux', '12pm', '09/05/2021', 'Na', 'complete'),
(179, 'Aries Trinidad', 'na', '09177189085', 'Block 8 Lot 18 doña rufina bagakay', 'Ultimate', 'Avanza', '3pm', '09/05/2021', 'Na', 'complete'),
(180, 'Raul Millang', 'shatzmillang@gmail.com', '09958151949', 'Rosales Travellers, Ledesma St. Ext., Carmen Annex, Ozamiz City', 'Ultimate', 'Hilux Pick-Up', '12pm', '09/08/2021', '.', 'complete'),
(181, 'Rosalyn Abangan', 'na', '09219799529', 'Isla Dos, Mindog, Maningcol, Ozamiz City', 'Premium', 'Kia Picanto', '9am', '09/08/2021', 'Na', 'complete'),
(183, 'Paul John Perocho', 'paulperocho070@gmail.com', '09555904887', 'Oroqueta City', 'Ultimate', 'Toyota Hilux', '', '09/09/2021', 'Vin - less P100 kay mo anha ra siya sa malaubang', 'complete'),
(184, 'Kring Demecillo', 'missswoodz@yahoo.com', '09176293014', '212 F. Engracia St. Carmen Annex Ozamiz City', 'Premium', 'Chevrolet Trailblazer', '9am', '09/09/2021', '  ', 'complete'),
(185, 'Jed Catapang ', 'jedtrio_catapang@lycos.com', '09955320263', 'Lot 1 Block 1 RS Tan Village Maningcol, Ozamiz City 7200', 'Ultimate', 'Mitsubishi Adventure', '9am', '09/10/2021', 'Vin - 50% discount. P425 only. The first house to the right side upon entering the village red gate.', 'complete'),
(186, 'Alexis B. Balandra', 'ali.mehmeng@gmail.com', '09168607330', 'Block 11 lot 7, RS Tan Village, Maningcol, Ozamiz City', 'Ultimate', 'Honda City', '12pm', '09/10/2021', 'Call when coming', 'complete'),
(187, 'Mark Jerome Yting', 'markyting.tanduay@gmail.com', '639176214314', 'P-5, Malaubang, Ozamis Cuty', 'Premium', 'Mazda b2500 Pick up', '3pm', '09/10/2021', 'Before mosulod sa fisheries\nKanang naay tindahan nga ga atobang sa intersection.\nBlack Gate. Naay na', 'complete'),
(188, 'Babe Ortega', 'na', '09177135776', 'Bernard Subdivision Ozamiz City Back of Sentral  Restaurant ', 'Premium', 'Auto', '3pm', '09/11/2021', 'Na', 'complete'),
(189, 'Jan Cabresos', 'na', '09122317048', 'St.stepahanie malaubang', 'Premium', 'Celerio', '9am', '09/13/2021', 'Na', 'complete'),
(190, 'Jan Harold Japay', 'jhjapay@gmail.com', '09778110273', 'OCWD, North Arcade - Town Center, Canubay, Oroquieta City', 'Ultimate', 'Chevrolet Cruze ', '9am', '09/14/2021', 'OCWD - Oroquieta Town Center. Near Bus Terminal', 'cancelled'),
(191, 'Julius Cabalay', 'na', '09338118118', 'Block 16 lot 4 Vigo Street camella homes', 'Ultimate', 'Sedan', '9am', '09/16/2021', 'Na', 'complete'),
(192, 'Candy Jimenez c/o Glopher Rami', 'rglopsy@gmail.com', '09758806178', 'Purok 3, Poblacion 3, Clarin,Mis. Occ', 'Premium', 'Wigo Black', '9am', '09/15/2021', 'plz look for alnik jimenez for d payment..tnx', 'complete'),
(193, 'Lemuel Lapura Jr', 'lemuellapura16@gmail.com', '09774744619', 'Brgy. Maningcol infront of Hebron ', 'Ultimate', 'Mazda 3 sedan', '3pm', '09/15/2021', 'infront of hebron gate rough road going to JTI bodega ', 'complete'),
(194, 'Dr. Singidas', 'na', '09189002855', 'Block 3 lot 1 camella homes ozamiz city', 'Ultimate', 'Large Peugeot 3008', '12pm', '09/15/2021', 'Na', 'complete'),
(195, 'Capt. Ignacio', 'na', '09399046896', 'Kinuman Norte Brgy Hall', 'Premium', 'Hilux', '9am', '09/17/2021', 'VIN - free UV for premium package\nAdd 100 for convenience\n\nif 2 cars iya ipaclean premium naa xa 10%', 'complete'),
(196, 'Pastora Lorna T. Abellano', 'na', '09369643342', 'P4 Carangan Near Carangan Elem School', 'Premium', 'Adventure', '9am', '09/18/2021', 'At the  back of carangan elem school\nVIN - FREE UV - LESS 10%', 'complete'),
(197, 'Pastora Lorna T. Abellano', 'na', '09369643342', 'P4 Carangan Near Carangan Elem School', 'Premium', 'Montero', '12pm', '09/18/2021', 'Vin - free UV - less 10%', 'complete'),
(201, 'Desiree lausa', 'baby_dritz@yahoo.com', '09209778994', 'purok 4 Gango, Ozamiz City', 'Premium', 'picanto', '9am', '09/19/2021', 'Aglipay Church', 'complete'),
(202, 'Capt. Ignacio', 'na', '09399046896', 'Kinuman', 'Ultimate', 'Ford Ranger', '12pm', '09/17/2021', '10% discount', 'complete'),
(203, 'michael velasco', 'huggz51108@gmail.con', '09669630787', 'p3 banadero ozamis city', 'Premium', 'pick up navara', '9am', '09/25/2021', 'before alliance church. green gate\nVin - free UV', 'complete'),
(204, 'Eric Vincent Galleros', 'ericvincent0617@gmail.com', '09278318073', 'Purok 1 Map-an Panaon Mis. Occ', 'Ultimate', 'Vios', '9am', '09/21/2021', 'House color light green. Going to King Energy. Beside Brgy.Hall. Vios Red', 'complete'),
(205, 'Nila Pintacasi', 'ma', '09284340888', 'Rosa Vison Village ', 'Ultimate', 'Innova', '9am', '09/22/2021', 'Pls ayaw  mo duol sa customer dayun naa silay 15% Discount', 'complete'),
(206, 'Nila Pintacasi', 'na', '09284340888', 'Rosa Vison Village', 'Ultimate', 'Avanza', '9am', '09/22/2021', '15% discount sa total cost. Please put footing ang area sa pag butang sa atung gamit pag human', 'complete'),
(207, 'Julius Cabalay', 'jfcabalay@gmail.com', '09382189667', 'Lot 4 Block 16 Camella Ozamis', 'Premium', 'Pick up Navara', '9am', '09/24/2021', 'VIN - 10% DISCOUNT = p540 nalang\nFree UV', 'complete'),
(208, 'JUne mar Barote', 'onlinemartph@gmail.com', '09457663035', 'Burgos Extension near lasalle gate ', 'Ultimate', 'NAVARA', '12pm', '09/26/2021', 'no power outlet near parking area', 'complete'),
(209, 'Melvin Dacut', 'melvin.p.dacut@gmail.com', '09051094615', '2bd floor palanas building, mabini extension, carmen annex, ozamis city', 'Premium', 'Hyundai Eon', '3pm', '09/26/2021', 'Watermark remover 299\nBayad sa pag apply 100\nPremium - 460\n\nTotal nya is 859.00', 'complete'),
(210, 'Fritz Mabida', 'NA', '09152165126', 'St. Stephanie, Malaubang', 'Premium', 'Vios', '9am', '10/02/2021', '\n\nMichelle Customer\n', 'complete'),
(211, 'Sheba Uy ', 'uysheba@gmail.com', '09063381438', '102 Circumferential Rd Aguada Ozamis City ', 'Premium', 'Geely Sports ', '3pm', '09/28/2021', 'Be on time', 'complete'),
(212, 'Jan Cabresoso', 'NA', '09122317048', 'St Stephanie, Malaubang Ozamiz city', 'Ultimate', 'Celerio', '12pm', '09/28/2021', 'NA', 'complete'),
(213, 'Betsy joy Regalado', 'NA', '09992212054', 'Malaubang Ozamiz City', 'Premium', 'Ford Ranger', '9am', '10/01/2021', '3:30 jud xa Ang time kay naa pa xa lakaw. ', 'complete'),
(214, 'INES L. NIEZ', 'goldgirl50th@yahoo.com', '09088956104', 'Purok 6 Bañadero', 'Premium', 'Subaru xv', '3pm', '10/01/2021', 'Follow covid 19 protocols..max staff 2\n\nVin - 600 less 20%  = P480\nFree Uv.yaw na paningil kay g tra', 'complete'),
(215, 'Mae Lady Rose c. Calinga', 'calingamlr2011@gmail.com', '09097552697', 'P-2 Teachers Village Labo Ozamiz City', 'Ultimate', 'mirage G4', '3pm', '10/02/2021', 'Vin - just collect P500. Ako ra bayad sa kulang 250.00. Amiga ni nko', 'complete'),
(216, 'Joeriz', 'joerizmikeflorida@gmail.com', '09982909519', 'Door1, Murallon Compound, Purok 2, Carangan, Ozamiz City, Misamis Occidental', 'Premium', 'Hyundai Accent', '12pm', '10/02/2021', 'Unahan sa simbahan sa ozamiz, pero wala kaabot sa bryant. Vin- yaw na paningli kay bank transfer ni ', 'complete'),
(219, 'Harold Pagador', 'none', '09177700229', 'Rosa Vayson Village Maningcol ', 'Premium', 'Strada Pick up', '9am', '10/04/2021', 'Thanks', 'complete'),
(221, 'Algefer Carpio', 'pirotsuy@yahoo.com', '09286748557', 'Woodwinds mansions subdivision, Brgy. Gango, Ozamiz City', 'Premium', 'Swift', '3pm', '10/10/2021', 'See you!', 'complete'),
(222, 'Algefer Carpio', 'na', '09286748557', 'Woodwinds Mansion Gango', 'Premium', 'VIOS', '12pm', '10/10/2021', 'Vin - sis ni nya. \n\nFRee - UV light sila duha', 'complete'),
(223, 'Anthon Araya Yting, jr.', 'a_gnity@yahoo.com', '09999922481', 'P5 Upper Malaubang,Ozamiz City,7200', 'Premium', 'Hi lux', '9am', '10/05/2021', 'Araya-Yting compound\nVin - less P50 kay taga malaubang', 'complete'),
(224, 'Joram Suezo Gulleban ', 'joram_gulleban@yahoo.com', '09494316214', 'Purok 7 Gango highway in front of DAR office ozamiz city', 'Premium', 'Vios', '9am', '10/07/2021', 'Please be here at 9am', 'complete'),
(225, 'Elizabeth D. Mabanag', 'bethdic1@gmail.com', '639674014363', 'Purok 2 Carangan Ozamiz City', 'Premium', 'Innova', '3pm', '10/07/2021', 'From crossing Carrangan road left to Brayant milling bodega straight until sa church din liko rap ro', 'complete'),
(226, 'Janny Bacatan', 'Na', '09102321162', 'Oroquieta City', 'Ultimate', 'Honda CR-V ', '9am', '10/08/2021', 'Ang Customer moanhi sa malaubang nag hatag ko nya ug 100.00 discount. ', 'complete'),
(227, 'Jan Harold Japay', 'none', '09778110273', 'OCWD, North Arcade Town Center, Canubay Oroquieta City', 'Ultimate', 'Cheverlet Cruze', '9am', '10/09/2021', 'Vin - Additional 150 for convenience. Upsell watermark\nCall the customer if aha ang dool na outlet', 'complete'),
(228, 'Kring Demecillo', 'na', '09176293014', '212 F Engracia St. Carmen Annex Ozamiz City', 'Ultimate', 'Cheverlet Trailblazer', '9am', '10/11/2021', 'Ila Dr. Demicillo', 'complete'),
(229, 'Dr. Singidas', 'NA', '09189002855', 'Camella Homes block 3 lot 1 ', 'Premium', 'Peuguot 3008', '9am', '10/13/2021', 'Na', 'complete'),
(230, 'Angel Jumawan', 'Na', '09101617192', 'Boulevard area, Malaubang Ozamiz City', 'Ultimate', 'Hilux', '12pm', '10/13/2021', 'Na', 'complete'),
(231, 'Jena Anderson', 'jenaanderson19@yahoo.com', '9613939968', 'Block 21 lot 43 camella homes labo oz.city', 'Ultimate', 'Wigo G.2020', '12pm', '10/14/2021', 'Vin = 640 - 10% = 575 \n2 floors house (fogging and 10 mins UV per floor) = P700\n\n\n Morning maam or s', 'cancelled'),
(232, 'Jena Anderson', 'jenaanderson19@yahoo.com', '09613939968', 'Blk. 21 lt. 43 Camella Homes', 'Ultimate', 'Pajero sports', '3pm', '10/14/2021', 'Vin = 850 -10% = 765', 'cancelled'),
(233, 'Rolyn Balatero Vidad ', 'rolynvidad70@gmail.com', '09177053170', 'P2, Malaubang ozamis city \n\nVin = medium ni ha. Dscount 50 pesos', 'Premium', 'spresso ', '9am', '10/14/2021', 'near dela vega piggery next gate', 'cancelled'),
(234, 'Ret.Col Jose Francis Dela fuen', 'Na', '09051517556', 'Abanil Ext. Aguada Ozamiz City', 'Premium', 'Vios', '9am', '10/16/2021', '10% discount repeat customer', 'complete'),
(235, 'Fritz Mabida', 'NA', '09152165126', 'St Stephanie Malaubang Ozamiz City', 'Premium', 'Vios', '3pm', '10/16/2021', '100.00 Discount Stephanie Malaubang Area', 'complete'),
(236, '-Ret Col Jose Francis A dela F', 'Na', '09051517556', 'Abanil ext. Aguada Ozamiz City', 'Basic', 'Vios', '12pm', '10/16/2021', 'Na', 'complete'),
(237, 'Jill Estiva', 'jillestiva042391@gmail.com', '09120800310', 'St. Stephanie, Malaubang, Ozamiz City', 'Premium', 'Motorcycle Mio 125i', '3pm', '10/19/2021', 'Anytime nalang if available', 'complete'),
(238, 'Carl Cagulada', 'caca_cagu82@yahoo.com', '9176201122', 'Camella Homes, block 6, lot 4, Pamplona street', 'Ultimate', 'Innova', '9am', '10/18/2021', 'Ang sakyanan naa sa likod, block 6, lot 37', 'complete'),
(239, 'Carl Cagulada', 'caca_cagu82@yahoo.com', '9176201122', 'Camella Homes, block 6, lot 4', 'Ultimate', 'Mazda', '12pm', '10/18/2021', 'Same back ang sakyanan', 'complete'),
(240, 'Carl Cagulada', 'na', '9176201122', 'Camella Homes, block 6, lot 4', 'Basic', 'Honda Automatic Motorbike + Mountain Bike', '12pm', '10/18/2021', 'Charge for Honda Motorbike is Small Basic w/ 10% Discount + Additional Charge 100 for the Mountain B', 'complete'),
(241, 'John C. Sarabillo II', 'jinggoysarabillo@yahoo.com.ph', '09177224842', 'JDSI/Fastcargo compound, Circumferential road, Bitoon, Brgy. Aguada, Ozamiz City', 'Premium', 'Vios', '3pm', '10/18/2021', 'Text or call first.', 'complete'),
(242, 'Jan Cabresos', 'Na', '09122317048', 'St stepahni malaubnag', 'Premium', 'Celerio', '12pm', '10/19/2021', 'Na', 'complete'),
(243, 'Hervin Beduya', 'beduya15@yahoo.com', '09688536232', 'Purok 1, Barangay Doña Consuelo, Ozamiz City', 'Ultimate', 'Everest', '3pm', '10/20/2021', 'Vin = from 1k to P500 nalang. P500 ra i collect gkan nya. Pls ko tarunga jed ', 'complete'),
(244, 'Charisse Mih Sy Santos', 'mih.sy.santos@gmail.com', '09958804664', '2/F Palanas Bldg., Mabini Ext., Brgy. Carmen Annex', 'Premium', 'Mirage', '9am', '10/23/2021', 'watermarks removal (labor only) ', 'complete'),
(245, 'Carl Angeli Cagulada', 'caca_cagu82@yahoo.com', '9176201122', 'Camella Homes, block 6, lot 4, Pamplona St., Ozamiz City, 7200', 'Premium', 'Innova', '9am', '10/26/2021', 'Ang unit naa sa luyo sa amung balay, block 6, lot 37', 'complete'),
(246, 'Rosalyn Abangan', 'na', '09219799529', 'Isla Dos, Mindog, Maningcol, Ozamiz City', 'Ultimate', 'KIA Picanto', '9am', '11/07/2021', 'Less 10% ', 'complete'),
(247, 'Dr. Singidas', 'Na', '09189002855', 'Block 3 lot1 Camella Homes Ozamiz City', 'Premium', 'Peuguot 3008', '3pm', '10/27/2021', 'Free UV light less 10% repeat customer', 'complete'),
(248, 'Rodulfo Buletic', 'esi.rbuletic@yahoo.com', '09071587646', 'Block5 Lot28 RS Tan Village Maningcol Ozamiz City 7200', 'Premium', 'Fortuner/2016', '9am', '11/01/2021', 'Call or text my number', 'complete'),
(249, 'Jojo Singson', 'Na', '093054004620', 'Clubhouse Camella Homes Ozamiz city', 'Premium', 'Wigo Metalic Orange', '12pm', '11/01/2021', 'na', 'complete'),
(250, 'Rachel Bahinting', 'na', '09088646895', 'Block 5 lot 5 Camella Homes Labo', 'Premium', 'Fortuner', '3pm', '11/02/2021', 'Na', 'complete'),
(251, 'Shaba Uy', 'Na', '09063381438', '102 Circumferentila Road Aguada Ozamiz City', 'Premium', 'Geely Coolrey', '3pm', '11/01/2021', 'Discount 10% repeat Customer', 'complete'),
(252, 'Mirt Ocay', 'Na', '09063381438', 'Malaubang Ozamiz City', 'Premium', 'Sedan', '12pm', '11/02/2021', 'Na', 'complete'),
(253, 'mark villegas', 'marks.carenderia@yahoo.com', '09560265705', 'purok mauswagon, brgy tinago ozamis city.', 'Premium', 'ford raptor', '9am', '11/05/2021', 'do not put wax or anything to make the interior of the car shiny.\n\nVin= XL 630 nalanh', 'complete'),
(254, 'Carl Angeli Cagulada', 'caca_cagu82@yahoo.com', '9176201122', 'Camella Homes, block 6, lot 4, Pamplona St., Ozamiz City, 7200', 'Premium', 'Innova', '9am', '11/11/2021', 'The car is at the back of our house as usual', 'complete'),
(255, 'Atty. Lao', 'Na', '09159472835', 'Block 3 Lot 23 Camella Homes Ozamiz city', 'Ultimate', 'Pajero', '12pm', '11/08/2021', 'Na', 'complete'),
(256, 'Shandy gamotin Francisco ', 'shandy.gamotin@yahoo.com', '09999933017', 'It Works-Greenvalley Tinago, Ozamiz City', 'Premium', 'Furtoner', '9am', '11/10/2021', 'Pls be on time! ', 'complete'),
(257, 'Shandy Gamotin', 'shandy.gamotin@yahoo.com', '09999933017', 'It Works Green Valley Tinago', 'Premium', 'Mirage Hatchback', '9am', '11/10/2021', 'Please be on time', 'complete'),
(258, 'farrah neri', 'farrahneri@gmail.com', '9189400462', 'purok 2inside naomis botanical garden banadero', 'Premium', 'navarra', '12pm', '11/10/2021', 'inside naomis botanical near swimming pool gate black ', 'complete'),
(259, 'Meracel G. Cabal', 'NA', '09499910959', 'Purok 3 litapan ozamis city', 'Premium', 'Wigo', '12pm', '11/20/21', '- Ok ra sir moabot ko mga 1.30pm\n- P460 less 10% = P414 .00 only\n- Plus P299 watermark + P100 applic', 'cancelled'),
(260, 'Chaeljay Bengal', 'na', '09189340393', 'Oroquieta  City', 'Basic', 'Raptor', '12pm', '11/16/2021', 'Na', 'complete'),
(261, 'Rachel Bahinting', 'na', '09088646895', 'Block 5 lot 5 Camella Homes Labo', 'Premium', 'VIOS', '3pm', '11/18/2021', 'Repeat customer ', 'complete'),
(262, 'Rolyn Balatero Vidad', 'na', '09177053170', 'P2 malaubang', 'Premium', 'Espreso', '3pm', '11/26/2021', 'P450 RA NI.brown gate next to dela vegga piggery', 'complete'),
(268, 'Felcor Blanco', 'na', '09328713433', 'P7 Carmen Annex Likod sa Medina', 'Ultimate', 'Navara', '3pm', '11/20/2021', 'Less 10 repeat cust', 'complete'),
(269, 'Miracle G. Cabal', 'na', '09499910959', 'Purolator 3 Littman Ozamiz City', 'Premium', 'Wigo', '12pm', '11/20/2021', 'Na', 'complete'),
(270, 'Chuchi G. Pascasio', 'none', '09178930884', 'Rizal Avanue corner Abanil St. ( kilid sa Osrox Park - big grey gate ) Ozamiz City', 'Premium', 'Civic', '9am', '11/24/2021', 'If possible please schedule between 9 & 930 a.m. Thank you', 'complete'),
(271, 'Fr. Maximo Naron', 'boynaron@gmail.com', '09177227375', 'Immaculate Conception Cathedral', 'Premium', 'Montero', '9am', '11/23/2021', ' diri ra ozamiz cathedral sa catholic', 'complete'),
(272, 'Carl Angeli Cagulada', 'caca_cagu82@yahoo.com', '639176201122', 'Camella Homes, block 6, lot 4, Pamplona st', 'Premium', 'Innova', '12pm', '11/23/2021', 'Ty', 'complete'),
(273, 'Janice Mendoza-Bularon', 'dyaneez@yahoo.com', '0917959051', 'P-5 san antonio Ozamiz city', 'Ultimate', 'Montero', '12pm', '11/27/2021', 'P-5, San Antonio, Ozamiz City ', 'complete'),
(274, 'Carl Cagulada', 'caca_cagu82@yahoo.com', '9176201122', 'Camella Homes, block 6, lot 4', 'Premium', 'Pick up / Mazda 2doors', '9am', '11/25/2021', 'Thansk', 'complete'),
(275, 'junry narciso', 'junry.narciso@gmail.com', '09516866111', 'Tangub City', 'Premium', 'montero', '12pm', '11/24/2021', 'Add charge 150  dool raman highway sir unahan ra sa gas station nila oaminal katong bago..', 'complete'),
(276, 'Jazzilo Godinez', 'na', '09501034086', 'P1 villa consuelo', 'Premium', 'Susuki Dzire', '12pm', '11/25/2021', 'Location:  Purok-1 Villa consuelo From Highway,mga 50 meters. Atbang sa old Montessori School  Kaway', 'complete'),
(277, 'Belen Tan', 'tanbelen1@gmail.com', '09338522981', 'Bangkal Aguada, Ozamiz City', 'Premium', 'Fortuner white', '9am', '11/26/2021', 'Beside Bethany garden highway road to airport color sa gate is gold ang fence is green, call me if n', 'complete'),
(278, 'Belen Tan', 'na', '09338522981', 'Bangkal Aguada Ozamiz City', 'Premium', 'Innova', '9am', '12/01/2021', 'Repeat cust - Beside Bethany garden highway road to airport color sa gate is gold ang fence is green', 'cancelled'),
(279, 'Randy Espiritu ', 'randzO8.re@gmail.com', '09300683411', 'Baybay Maningcol Ozamiz City ', 'Ultimate', 'Hyundai Accent', '9am', '12/05/2021', 'Pwede maligyas ang langaw sa kasinaw. Hihi', 'complete'),
(280, 'Mary Lou Espiritu', 'Na', '09171398806', 'Baybay maningcol Ozamiz City', 'Ultimate', 'Suzuki Ertiga', '12pm', '12/05/2021', 'Brother ni sir Randy Espritu duol ra sila ug balay.. ', 'complete'),
(284, 'Honee Suaring', 'jonnillejadesuaring@gmail.com', '639152180696', 'Isla Verde, Bonifacio Extension Ozamiz City', 'Premium', 'Toyota Wigo (White)', '3pm', '12/03/2021', 'Yulo Apartment, wala ra kaboot sa barangay hall. Naa sa left side. 2-storey building, black gate. Ma', 'cancelled'),
(285, 'Arnel Lomocso', 'arnellomocso29@gmail.com', '09207991508', 'Phase 2, Block 1, Lot 14&15, Dona Rufina Subdivision, Bagakay, Ozamiz City', 'Ultimate', 'Mirage GLX', '9am', '12/07/2021', 'See yah????', 'complete'),
(286, 'Elizalse Nonoy', 'na', '09128647162', 'ON SITE', 'Ultimate', 'Kia Rio', '9am', '12/10/2021', 'Ihatod nya ang car at 8.15. Please be early sa site', 'complete'),
(287, 'MELVIN DACUT', 'melvin.p.dacut@gmail.com', '09761591276', '2nd Floor, Palanas Building, Mabini Extension, Carmen Annex, Ozamis City, Misamis Occidental, Philip', 'Premium', 'Mitsubishi Mirage G4', '3pm', '12/13/2021', '2 to 2.30 pm. Beside Luyamis autoparts. In front of Helping hands sari sari store', 'complete'),
(288, 'Joyce Fuentes', 'na', '09614264970', 'DMN Construction Enterprise Kinangay norte clarin', 'Ultimate', 'Navara', '12pm', '12/20/2021', 'Less 10% and add P50 for convenience', 'complete'),
(289, 'Mrs. Tessie Gighe', 'na', '09230861450', 'City hall drive at the back of LTO Bernad subdivision', 'Ultimate', 'Innova', '3pm', '12/19/2021', 'Less 10%.', 'complete'),
(290, 'Dr Broxil E. Macabinlar ', 'na', '09507154765', 'block 4 lot 18 Camella', 'Premium', 'Kia Rio', '3pm', '12/20/2021', 'Less 10%. please call', 'complete'),
(291, 'Dr Broxil E. Macabinlar ', 'na', '09507154765', 'Camella homes', 'Premium', 'Ford Ranger', '9am', '12/20/2021', 'Less 10', 'complete'),
(292, 'Randy Espirito', 'na', '09300683411', 'Baybay maningcol ', 'Ultimate', 'Accent', '9am', '12/31/2021', 'Na', 'complete'),
(293, 'Randy Espirito', 'Na', '09300683411', 'Baybay maningcol ', 'Ultimate', 'Innova', '12pm', '12/31/2021', 'Na', 'complete'),
(294, 'Randy Espirito', 'Na', '09300683411', 'Baybay maningcol ', 'Ultimate', 'Ertiga', '3pm', '12/31/2021', 'Na', 'complete'),
(295, 'Gary Co', 'Na', '09190857285', 'Stephanie Malaubang', 'Ultimate', 'ISUZU', '12pm', '12/22/2021', 'Na', 'complete'),
(296, 'Dr. Brocil E. Macabinlar', 'Na', '09507154765', 'Block 4 lot 18 Camella', 'Premium', 'Kia Soul ', '9am', '12/22/2021', 'Na', 'complete'),
(297, 'Jb Buac', 'Na', '09567002795', 'Tinago Green Valley', 'Premium', 'Expander', '9am', '12/23/2021', 'Na', 'complete'),
(298, 'Julius Cabalay', 'na', '09382189667', 'Lot 4 blk 16 camella homes', 'Premium', 'Navara', '12pm', '12/23/2021', 'Give 20% discount', 'complete'),
(299, 'Elvin Pomicpic', 'epomicpic1007@gmail.com', '09063551838', 'Purok 4 JBN subdivision blk 6 lot 1 brgy carangan', 'Ultimate', 'Honda CRV', '9am', '12/27/2021', 'DETAILING', 'complete'),
(300, 'Shandy Gamotin', 'Na', '09999933017', ' It Works Green Valley Tinago', 'Premium', 'Mirage', '9am', '12/26/2021', 'Na', 'complete'),
(301, 'Shandy Gamotin', 'Na', '0999933017', 'It works Greenvalley tinago', 'Ultimate', 'Kia K2500', '3pm', '12/26/2021', 'Na', 'complete'),
(302, 'carmelito c campomanes', 'caryl_tolits@yahoo.com', '09292391249', 'purok 6 banadero ozamiz city', 'Ultimate', 'fortuner 2017', '12pm', '12/29/2021', 'mit solod..ingga store..rigth side then..see blue hous in deadend.then left side..then rigth side..n', 'complete'),
(303, 'farrah neri', 'farrahneri@gmail.com', '09189400462', 'purok 2 banadero naomis botanical garden', 'Ultimate', 'navara ', '9am', '12/29/2021', 'inside naomis botanical near pool', 'complete'),
(304, 'Ferdinand Herrera', 'na', '09462258285', 'Gango, tapad sa Mediatrix Temberland', 'Ultimate', 'Strada', '9am', '01/11/2022', 'Express detailing.going to Mediatrix Temberland pero dili naka mosulod sa ', 'complete'),
(305, 'Dr. Broxil E. Macabinlar', 'NA', '09507154765', 'Camella blk 4 lot 18 ', 'Ultimate', 'Kia Soul', '9am', '12/30/2021', 'Na', 'complete'),
(306, 'Dr. Broxil E. Macabinlar', 'Na', '09507154765', 'Camella Blk 4 lot 18', 'Premium', 'Ford f150', '12pm', '12/30/2021', 'Na', 'complete'),
(307, 'Reelgem Seth Nercua', 'reelgemsethnercua@gmail.com', '9171278553', 'Poblacion panaon misamis occidental mindanao', 'Ultimate', 'MUX', '9am', '01/02/2022', 'Please call us before muanhi', 'complete'),
(308, 'Gina Luisa Sy Torres', 'Na', '09754301954', 'Camella', 'Ultimate', 'picanto', '3pm', '12/30/2021', 'Na', 'complete'),
(309, 'Dee Bacusmo', 'Debralynn37@yahoo.com', '639154851075', 'Block 18 lot 28 Camella Homes Labo Ozamiz City ', 'Ultimate', 'Vios', '3pm', '01/03/2022', 'Look for Nilda Bacusmo', 'complete'),
(310, 'Mary Lee Lungay', 'maryleelungay23@gmail.com', '09073646522', 'On site', 'Ultimate', 'DMax', '9am', '01/06/2022', 'Express Detailing', 'complete'),
(311, 'Dr Broxil E. Macabinlar ', 'na', '09507154765', 'BLK 4 lot 18 Camella Homes', 'Ultimate', 'Ford F150', '9am', '01/08/2022', 'Express Detailing', 'complete'),
(312, 'Dr Broxil E. Macabinlar ', 'na', '09507154765', 'BLK 4 lot 18 Camella Homes', 'Premium', 'Kia Rio', '9am', '01/16/2022', 'Suki', 'complete'),
(313, 'Dr Broxil E. Macabinlar ', 'na', '09507154765', 'BLK 4 lot 18 Camella Homes', 'Ultimate', 'Ford F150', '9am', '01/29/2022', 'Suki', 'complete'),
(314, 'Dr Broxil E. Macabinlar ', 'na', '09507154765', 'BLK 4 lot 18 Camella Homes', 'Premium', 'Kia Rio', '9am', '01/22/2022', 'Suki', 'cancelled'),
(315, 'Dr Broxil E. Macabinlar ', 'na', '09507154765', 'BLK 4 lot 18 Camella Homes', 'Ultimate', 'Ford F150', '12pm', '01/22/2022', 'Suki', 'cancelled'),
(316, 'Dr Broxil E. Macabinlar ', 'na', '09507154765', 'BLK 4 lot 18 Camella Homes', 'Premium', 'Kia Rio', '9am', '01/29/2022', 'Suki', 'cancelled'),
(317, 'Dr Broxil E. Macabinlar ', 'na', '09507154765', 'BLK 4 lot 18 Camella Homes', 'Ultimate', 'Ford F150', '', '01/29/2022', 'Suki', 'cancelled'),
(318, 'Francis Glen Lungay', 'glenjuly@gmail.com', '09381712610', 'P1 Brgy Triunfo', 'Premium', 'Ford Ranger', '9am', '01/19/2022', 'P630 iya bayad. XL ni na car', 'cancelled'),
(319, 'Dorothy Neri', 'dapdap80@yahoo.com', '09122864858', 'Brgy. 5 (Malubog), Tangub City Landmark: 2nd intersection from back of St. Michael\'s Parish, road go', 'Ultimate', 'Ford Everest', '9am', '01/12/2022', 'Express Detailing. Less 10% and 250 charge\n\n', 'complete'),
(320, 'Butch Alinas', 'butchalinas@gmail.com', '09174563713', '88 juan luna corner animas street ozamiz city', 'Premium', '2007 Honda Civic FD', '3pm', '01/18/2022', 'Less 20%', 'complete'),
(321, 'Claire Demandante', 'claritzcpa@gmail.com', '639094395504', '042 P1, Pulot, Ozamiz City', 'Premium', 'Wigo', '3pm', '01/22/2022', 'Additional service for water marks remover.', 'complete'),
(323, 'Tina Millan', 'tinajorge_millan@icloud.com', '09209888857', 'Elim Village Maningcol', 'Premium', 'Fortuner', '9am', '01/13/2022', 'Less 10%', 'complete'),
(324, 'Angelita Castillon', 'acmance2318@gmail.com', '09128144015', ' Purok 4,Poblacion 3, Clarin, Misamis Occidental, bypass road along the national hiway, passing by C', 'Ultimate', 'Celerio', '9am', '01/21/2022', 'Express Detailing\nAdd charge P150 \nSeat cover fee - P100', 'complete'),
(325, 'Tina Millan', 'na', '09209888857', 'Elim Village Maningcol', 'Premium', 'Navara', '12pm', '01/13/2022', '2nd car', 'complete'),
(327, 'Sebu Cha', 'na', '09120800310', 'Aguada', 'Basic', 'Sebu Cha Store', '9am', '01/16/2022', 'Fogging and UV light ', 'complete'),
(328, 'Julius Cabalay', 'na', '09382189667', 'Lot 4 blk 16 camella homes', 'Ultimate', 'Mirage G4', '9am', '01/18/2022', '700 less 10% = P630 nalang', 'complete'),
(335, 'Annie S. Josol', 'na', '09177755019', 'Blk 6 lot 9 St. Stephanie', 'Ultimate', 'Montero', '3pm', '01/20/2022', '800 less 10% = P765', 'complete'),
(336, 'Dr. Broxil Macabinlar', 'Na', '09507154765', 'Camilla Homes ozamiz city', 'Ultimate', 'Kia Soul', '9am', '01/19/2022', 'Na', 'complete'),
(337, 'Lawrence Calinawan', 'na', '09166805384', 'P3 Carangan', 'Premium', 'Mirage Hatchback', '9am', '01/24/2022', 'Less 10% ', 'complete'),
(338, 'Lawrence Calinawan', 'na', '09166805384', 'P3 Carangan', 'Premium', 'Crosswind', '12pm', '01/24/2022', 'Large premium less 10%', 'complete'),
(339, 'Ms. Brufina Jagonia', 'na', '09156871455', 'BLK 4 lot 14 Camella Homes', 'Premium', 'Toyota Rush', '12pm', '01/29/2022', 'Less 10% ', 'complete'),
(340, 'Jun Lara', 'Na', '09505291690', 'Banadero ', 'Premium', 'Innova', '3pm', '01/24/2022', 'Na', 'complete'),
(341, 'Jitt fuentebella', 'jafuentebella96@gmail.com', '09639385036', 'Chillax Inn, Purok Mauswagon Maningcol Ozamiz City', 'Ultimate', 'Ford Ecosport', '3pm', '01/28/2022', 'Chillax Inn Maningcol tapad sa Chillax Inn jud mismo black nga gate, naay signage crossing sa ocsat ', 'complete'),
(342, 'Jima Jimenez Soria', 'na', '09187837771', 'Blk 3 Mayors Village Lapasan Clarin', 'Premium', 'Mirage G4', '12pm', '01/26/2022', 'Add 100 service fee. Upsell ultimate', 'complete'),
(343, 'Romeo C. Olivar', 'loloolivar2@gmail.com', '09471392253', 'IVAR CONSTRUCTION SUPPLY Oroquieta National Highway ', 'ExpressInteriorDetailing', 'Hilux', '9am', '02/07/2022', '2700 + 350 add charge = 3,050\nNational highway near st peter', 'complete'),
(344, 'Christl Marie M Daing', 'christlmariemutia@yahoo.com', '09778043688', 'Blk 2 Lot 5 Woodwind Gango Ozamis', 'Ultimate', 'Honda BRV 2017', '12pm', '01/30/2022', 'Airport road po ', 'complete'),
(345, 'James Uy', 'na', '09639634160', 'P1 Culpan Aloran', 'Ultimate', 'Volkswagen Santana', '9am', '02/01/2022', 'P630 Add charge 150 = P780 ', 'complete'),
(346, 'Zara esic', 'zaragalorio@gmail.com', '09177053518', 'Ozamiz  city police station', 'Premium', 'Sedan', '9am', '02/03/2022', 'Cpsmt office', 'complete'),
(347, 'Mar I\'m S. Pasigan', 'na', '00000', 'Malaubang stephanie ', 'Premium', 'Na', '12pm', '02/03/2022', 'Na', 'complete'),
(348, 'Dr. Broxil Macabinlar', 'Na', '09507154765', 'Camella', 'Premium', 'Nissan', '9am', '02/05/2022', 'Na', 'complete'),
(349, 'Dr. Broxil Macabinlar', 'Na', '09507154765', 'Camella', 'Premium', 'Ford ', '12pm', '02/05/2022', 'Na', 'complete'),
(350, 'Dr. Broxil Macabinlar', 'Na', '09507154765', 'Camilla Homes ozamiz city', 'Ultimate', 'Kia Soul', '12pm', '02/05/2022', 'Na ', 'complete'),
(351, 'Zara Esic', 'na', '0000', 'Camella Homes ozamiz city', 'Premium', 'Fortuner', '3pm', '02/05/2022', 'Na', 'complete'),
(352, 'Jacob', 'pierejacobmiraflor@gmail.com', '09159017226', 'Purok 2A Bañadero Ozamiz City ', 'Ultimate', 'Navara Pick-up ', '3pm', '02/06/2022', 'In front of olt/mit ', 'cancelled'),
(353, 'Jun Lara', 'Na', '09505291690', 'Banadero highway', 'Premium', 'Innova', '9am', '02/06/2022', 'Na', 'complete'),
(354, 'DOMINADOR ABUTON', 'domijrph@gmail.com', '09397149921', '146 Independence Street, Purok 5', 'Ultimate', 'SUZUKI VITARA GLX 2020', '9am', '02/11/2022', 'Our residence is near MedGrace Pharmacy in Barangay Upper Langcangan. Ask lang ug asa dapit ang APOS', 'complete'),
(355, 'Claire B Demandante', 'claritzcpa@gmail.com', '639094395504', '042 P1, Pulot, Ozamiz City', 'Ultimate', 'Pick- up Strada', '3pm', '02/26/2022', 'Pasulod sa tulay sa Pulot', 'cancelled'),
(356, 'Rosalyn abangan', 'Na', '09757160985', 'Maningcol ', 'Ultimate', 'Wigo', '9am', '02/12/2022', 'Na', 'complete'),
(358, 'Rose Sarque', 'rosalyndelapena0428@gmail.com', '9985603908', 'Elim Accounting Office Lam-an Ozamiz City', 'Premium', 'Wigo', '3pm', '02/11/2022', 'Elim Compound', 'complete'),
(359, 'Dr. Broxil Macabinlar', 'Na', '09507154765', 'Camella Homes ozamiz city', 'Ultimate', 'Kia Vios', '3pm', '02/11/2022', 'Na', 'complete'),
(366, 'Carl Angeli Cagulada', 'caca_cagu82@yahoo.com', '639176201122', 'Camella Homes, Block 6, Lot 4, Pamplona St.,', 'Premium', 'Innova', '9am', '02/15/2022', 'Ang sakyanan naa sa luyo', 'complete'),
(367, 'Carl Angeli Cagulada', 'caca_cagu82@yahoo.com', '9176201122', 'Camella Homes, Block 6, Lot 4, Pamplona St,', 'Premium', 'Mazda pick up', '12pm', '02/15/2022', 'Ang sakyanan naa sa luyo', 'complete'),
(368, 'Frances ', 'N/A', '00000', 'Triumph ', 'Ultimate', 'Ranger ', '12pm', '02/16/2022', 'Gwapo si jl', 'complete'),
(369, 'Nelford Tumala', 'Na', '09304610066', 'City high', 'Ultimate', 'Suzuki APV', '9am', '02/18/2022', 'Na', 'complete'),
(370, 'Farrah Nire', 'Na', '09189400462', 'Naomi\'s Banadero ', 'Premium', 'Navara', '12pm', '02/18/2022', 'Na', 'complete'),
(371, 'Drinlans Tailoring', 'Na.', '639505291690', 'Banadero highway', 'Premium', 'Innova', '3pm', '02/18/2022', 'Na', 'complete'),
(372, 'Dr. Broxil Macabinlar', 'na', '09507154765', 'Banadero ', 'Premium', 'Ford ', '9am', '02/19/2022', 'Na', 'complete'),
(373, 'Dr. Broxil Macabinlar', 'Na', '09507154765', 'Camilla Homes ozamiz city', 'Premium', 'Kia Soul', '12pm', '02/19/2022', 'Na', 'complete'),
(374, 'Jan Cabresos', 'na', '09122317048', 'St. Stephanie', 'Ultimate', 'Celerio', '3pm', '02/19/2022', 'Less 20%', 'complete'),
(375, 'Rachelle Bahinting', 'na', '09088646895', 'Blck 5 lot 5 Camella Homes', 'Premium', 'Fortuner', '9am', '02/20/2022', 'Less 10%', 'complete'),
(376, 'Rachelle Bahinting', 'na', '09088646895', 'Blck 5 lot 5 Camella Homes', 'Premium', 'Vios', '12pm', '02/20/2022', 'Less 10%', 'complete'),
(377, 'Rezyl Mallorca', 'rezylmallorca@gmail.com', '9351008135', 'Sebu Cha Sitr', 'Ultimate', 'Xpander', '3pm', '02/23/2022', 'Please get 850 from mama. Mao ni iya bayad', 'cancelled'),
(378, 'Tina Millan', 'na', '09209888857', 'Elim Village Maningcol', 'Premium', 'Fortuner', '9am', '02/23/2022', 'Less 10%', 'complete'),
(379, 'Tina Millan', 'na', '09209888857', 'Elim Village Maningcol', 'Premium', 'Navara', '12pm', '02/23/2022', 'Less 10%', 'complete'),
(380, 'Jan Cabresos', 'Na', '00000', 'Stephanie Malaubang', 'Ultimate', 'Celerio', '3pm', '02/27/2022', 'Less 20%', 'complete'),
(381, 'Frances ', 'na', '00000', 'Triumph Lawis', 'Premium', 'Vetara Suzuki ', '9am', '02/28/2022', 'Na', 'complete'),
(382, 'Jean estiva', 'cestiva9@gmail.com', '09462512079', 'Ledesma st corner juan luna aguada', 'Ultimate', 'Ford raptor', '12pm', '03/04/2022', 'Xl 1000 less 20% = P800', 'complete'),
(383, 'Dr. Delbert Gozo', 'drgozo@gmail.com', '09177160350', 'Gozo Community Hospital Maranding, Lala Lanao Del Norte', 'ExpressInteriorDetailing', 'Grand Starex', '9am', '03/29/2022', '1500 and additional charge. no discount. Ila haus likod sa hospital', 'complete'),
(384, 'Mabelle Cabarles', 'mmdcabarles@gmail.com', '09177776805', 'Block 20, Lot 13, Camella Homes, Labo, Ozamiz City', 'Premium', 'Mistubishi Strada', '9am', '03/05/2022', 'None. ', 'cancelled'),
(385, 'Jean Estiva', 'na', '09462512079', 'Estiva Eatery Aguada', 'Ultimate', 'Cheverlet', '12pm', '03/03/2022', '1pm xa pa clean\n850 less 20% = P680', 'complete'),
(386, 'Dr. Broxil Macabinlar', 'Na', '00000', 'Camella Homes Labo', 'Ultimate', 'Kia Soul ', '12pm', '03/02/2022', 'Na', 'complete'),
(387, 'Dr. Broxil Macabinlar', 'Na', '00000', 'Camella Homes Labo', 'Premium', 'Ford F150', '3pm', '03/02/2022', 'Na', 'complete'),
(388, 'Gina', 'michellebontong@yahoo.com.ph', '09754301954', 'Camella Labo', 'Premium', 'Picanto', '9am', '03/03/2022', 'Na', 'complete'),
(389, 'Julius cabalay', 'michellebontong@yahoo.com.ph', '09382189667', 'Camella Labo', 'Ultimate', 'Navara', '9am', '03/05/2022', 'Na', 'complete'),
(390, 'Kent Kyric M. Cabalan', 'cabalankent@gmail.com', '639280439506', 'Sebu Cha site', 'Ultimate', 'Montero sport', '12pm', '03/07/2022', 'n/a', 'complete'),
(391, 'Gerolaga', 'Na', '639173053318', 'Camella Homes blk 4 lot 16', 'Premium', 'Na', '9am', '03/06/2022', 'Na', 'complete'),
(392, 'Glynis Ann Chua', 'na', '09518848348', 'Purok 1 Labo, Aloran Misamis Occidental', 'ExpressInteriorDetailing', 'Montero', '9am', '03/11/2022', '2700 + ADD CHARGE 300\n\nTapad sa mormons church atbang sa bus stop ug car wash', 'complete'),
(393, 'Sweet Pea Fuentes', 'na', '09305581637', 'Xoooom Site ', 'ExpressInteriorDetailing', 'Strada', '9am', '03/10/2022', 'P3000 less 10%\n\n8.30 am', 'complete'),
(394, 'Sweet Pea Fuentes', 'na', '09305581637', 'Xoooom Site ', 'ExpressInteriorDetailing', 'Hyundai Hatchback', '9am', '03/12/2022', 'Xooom site 2500 less 10% = 2,250', 'complete'),
(395, 'Frances ', 'na', '639381712610', 'Triumph Lawis', 'Premium', 'Fortuner', '12pm', '03/09/2022', 'Na', 'complete'),
(396, 'Jerwin Into Oplado', 'jerwinoplado@gmail.com', '09471722955', '(SEBU CHA SITE)  P-2 Pangabuan Tangub City', 'Ultimate', 'Mitsubishi Strada', '12pm', '03/14/2022', '850 less 10% = P765 \nOn-site service', 'complete'),
(397, 'Mark Yting', 'markyting.tanduay@gmail.com', '09129629888', 'P-5, Malaubang, Ozamiz City ', 'Premium', 'Pick-up ', '3pm', '03/11/2022', 'Walah raba ko sa balay akoang mama ra ang naa. Tru gcash lang ko bayad. ', 'cancelled'),
(398, 'Rachel Bahinting', 'na', '09088646805', 'Block 5 lot 5 Camella Homes Labo', 'Premium', 'Fortuner', '9am', '03/19/2022', 'Less 10%', 'complete'),
(399, 'Rose Sarque', 'na', '639985603908', 'Elim Accounting Office Lam an', 'Premium', 'Innova', '12pm', '03/15/2022', '2 pm', 'complete'),
(400, 'Sweet Pea Fuentes', 'na', '09305581637', 'Sebu Cha Site', 'Premium', 'Suzuki Vitara', '9am', '03/14/2022', 'Less 10%\n', 'complete'),
(401, 'Arne Copingco', 'Na', '09357393103', 'Aguada', 'Ultimate', 'Avanza', '9am', '03/16/2022', 'Na', 'complete'),
(402, 'Honey Hazel Muyco', 'honey_damiles@yahoo.com', '09105867151', 'Door 1 blasiño apt. p3 tinaclaan,  clarin,  mis. occ. ', 'Premium', 'Cheverlet Spin', '12pm', '03/20/2022', 'less 10% add fee is 150 sa duha na', 'complete'),
(403, 'Honey Hazel Muyco', 'honey_damiles@yahoo.com', '09105867151', 'Door 1 blasiño apt. p3 tinaclaan,  clarin,  mis. occ. ', 'Premium', 'Strada', '3pm', '03/20/2022', 'Less 10% ', 'complete');
INSERT INTO `customer` (`customer_id`, `Name`, `email`, `contactNum`, `address`, `services`, `car_type`, `time`, `date`, `comment`, `status`) VALUES
(404, 'Ferdinand Herrera', 'na', '09462258285', 'P-3 Gango', 'Premium', 'Strada', '9am', '04/02/2022', 'Na', 'cancelled'),
(405, 'Sheila Gatan', 'na', '09053860883', '86 - I Valconcha St. Aguada Ozamiz City Across Lasalle Arts Center', 'ExpressInteriorDetailing', 'Innova', '9am', '03/28/2022', 'P2,700 - 540(premium wash) = P2,160 po', 'complete'),
(406, 'Jan Cabresos', 'na', '09122317048', 'St. Stephanie', 'Ultimate', 'Celerio', '12pm', '03/22/2022', 'Less 20%\n\n512 ra ', 'complete'),
(407, 'Jacob', 'pierejacobmiraflor@gmail.com', '639959865244', 'Purok-2A Bañadero Ozamiz City ', 'Ultimate', 'Navara - Calibre', '9am', '03/27/2022', 'Noel Store - Infront of mit/OLT or Laks Stone beside Gloria store ', 'complete'),
(408, 'ALLAN PAUL BASCO', 'buzzcosolutions357@gmail.com', '9177257854', 'Green gate Greenview Village Maningcol Ozamiz', 'Premium', 'Mazda Bt-50', '9am', '03/25/2022', 'be on time please', 'complete'),
(409, 'Rose Sarque', 'na', '09985603908', 'Elim Accounting Office Lam-an, Ozamiz City', 'Premium', 'Toyota Innova', '3pm', '03/25/2022', 'na', 'complete'),
(410, 'Aurora Begontes Marzan', 'Na', '639462375045', 'Mauswagon Maningcol ( going to bacolod pasulod sa Medina) ', 'Premium', 'Eco-sport', '9am', '03/31/2022', 'Na', 'complete'),
(411, 'Joseph M.Migrino,Jr', 'josephmigrinojr85@gmail.com', '09087558850', '86-Q Valconcha St.,Aguada,Ozamiz City', 'ExpressInteriorDetailing', 'FORD EVEREST ', '9am', '03/30/2022', 'Xoooom Site. Less 10% ', 'complete'),
(412, 'Junry Maceren', 'na', '09261018821', 'Xoooom Site ', 'Ultimate', 'Isuzu Travis', '12pm', '03/31/2022', 'XL size ni xa.less 10%', 'complete'),
(413, 'Grace saberon', 'gara_0607@yahoo.com', '09501042584', 'P-6 banadero near stl lotto', 'ExpressInteriorDetailing', 'Montero', '9am', '04/07/2022', 'Near stl lotto\nLess 10% = 2,700', 'complete'),
(414, 'Christopher Estiva', 'na', '09997310432', 'Xoooom Site ', 'Ultimate', 'Ford Raptor', '3pm', '03/31/2022', 'Less 20%', 'complete'),
(415, 'Richard M. Cobrado', 'richardcobrado1979@gmail.com', '09953396393', 'Purok2-a brgy. Tabo-o Jimenez mis occ', 'ExpressInteriorDetailing', 'KIA RIO 2014 model', '9am', '04/04/2022', '2,520 + 280 add charge\n\nPagdala ug tent kay wala garahi ang cust', 'complete'),
(416, 'Makr Jerome S. Yting', 'markyting.tanduay@gmail.com', '09129629888', 'P-5, Malaubang, Ozamiz City', 'Ultimate', 'Pick-up', '3pm', '04/02/2022', 'Please completely remove Sand dust inside and otherr particles.', 'complete'),
(417, 'Bernard Rytz Lumayag', 'na', '09164923936', 'Purok 2 lupagan, clarin mis. occ. ', 'Ultimate', 'Nissan Terra', '12pm', '04/01/2022', '765 + 180 = 915 tanan', 'complete'),
(418, 'Christopher Estiva', 'na', '09997310432', 'Xoooom Site ', 'Ultimate', 'Cheverlet Trailblazer', '9am', '04/11/2022', '850 - 20% = 680 ra ni then i deduct nya ang lunch last time', 'complete'),
(419, 'Ariel Dantes', 'Na', '9122925061', 'Clarin', 'Premium', 'Montero', '9am', '04/01/2022', 'Na', 'complete'),
(420, 'Carl Cagulada', 'caca_cagu82@yahoo.com', '639176201122', 'Camella Homes, Block 6, Lot 4, Labo, Ozamiz City', 'Premium', 'Innova', '9am', '04/08/2022', 'Back of our house', 'complete'),
(421, 'Tina melan', 'Na', '09209888857', 'Elim village', 'Premium', 'Fortuner', '9am', '04/12/2022', 'Na', 'cancelled'),
(422, 'Tina melan', '09209888857', '09209888857', 'Elim village', 'Premium', 'Fortuner', '9am', '04/05/2022', 'Na', 'complete'),
(423, 'Tina melan', 'Na', '09209888857', 'Elim village', 'Premium', 'Fortuner', '12pm', '05/23/2022', 'Na', 'complete'),
(424, 'Dr. Jona Handumon', 'na', '09176226869', 'P1. Villaflor Oroquieta City', 'ExpressInteriorDetailing', 'Sebaru Forester', '9am', '05/17/2022', '3,000 + 350+350', 'complete'),
(425, 'Jan Cabresos', 'na', '09122317048', 'St. Stephanie', 'Ultimate', 'Celerio', '9am', '04/12/2022', 'Less 20%', 'complete'),
(426, 'ian telo', 'junperiantelo@yahoo.com', '09173019785', 'p1 taboo jimenez misamis occidental atbang sa brgy hall', 'Premium', 'xpander', '12pm', '04/12/2022', '600 - premium\n100 - UV ', 'complete'),
(427, 'Analyn C. Japson', 'analyn_japz@yahoo.com', '639513842216', 'JBN Palms Subd., Carangan, c/o Antonio P. Carreon', 'Premium', 'Wigo', '9am', '04/13/2022', 'gate entrance (guard house) turn left....house color green, orange (last house on the left side.....', 'complete'),
(428, 'Gina Watin', 'na', '09639385239', 'Site', 'Ultimate', 'Wigo', '12pm', '04/13/2022', 'Na', 'complete'),
(429, 'Claire', 'Na', '0000', 'Stephanie Malaubang', 'Premium', 'Navara', '3pm', '04/13/2022', 'Na', 'complete'),
(430, 'Gil Chavey', 'CHAVEYGLORIA@iclud.com', '09260496753', 'Purok 1 Manabay, sajonia BUilding,naay dalan gmay black color gate', 'ExpressInteriorDetailing', 'Cheverlet Optra', '9am', '04/20/2022', 'Express detailing. No discount', 'cancelled'),
(431, 'Dr. Broxil Macabinlar', 'Na', '639507154765', 'Camella Homes ozamiz city', 'Premium', 'Kia Soul', '9am', '04/18/2022', 'Na', 'complete'),
(432, 'Zara Esic', 'na', '09177053518', 'Police station or Xoooom site', 'Premium', 'Fortuner', '9am', '04/19/2022', 'Mo call siya if asa xa pa clean', 'complete'),
(433, 'Naomi Ceniza - Naomis Botanica', 'timfanelgarden@gmail.com', '639287902711', 'naomis botanical garden - purok 2 banadero ozamiz city', 'Premium', 'Hi ace Van', '9am', '04/21/2022', 'Office naomis botanical garden', 'complete'),
(434, 'naomi ceniza -naomis botanical', 'timfanelgarden@gmail.com', '6392879202711', 'naomis botanical garden - purok 2 banadero ozamiz city', 'Premium', 'toyota corolla', '12pm', '04/21/2022', 'inside naomis botanical garden ', 'complete'),
(435, 'Bryan ', 'na', '639051440659', 'Babay trunfu', 'Premium', 'Navara', '12pm', '04/18/2022', 'Na', 'complete'),
(436, 'Jaynar', 'Na', '639691935850', 'Aguada', 'Basic', 'Innova', '12pm', '04/19/2022', 'Na', 'cancelled'),
(437, 'Carl Angeli Cagulada', 'na', '09176201122', 'Blk 6 lot 4 Camella Homes', 'Premium', 'Picanto', '9am', '04/22/2022', 'Suki', 'complete'),
(438, 'Tina Millan', 'na', '09209888857', 'Elim Village Maningcol', 'Premium', 'Fortuner', '12pm', '04/22/2022', 'Naa nabilin vaccum stick sa ila', 'complete'),
(439, 'Ms Grace', 'na', '000', 'St. Stephanie atbang sa blk 8 lot 4', 'Premium', 'Pls ask', '12pm', '04/23/2022', 'Less 100', 'complete'),
(440, 'Dr. Broxil Macabinlar', 'Na', '639507154765', 'Camella Homes ozamiz city', 'Premium', 'F150', '9am', '04/23/2022', 'Na', 'complete'),
(441, 'Elma Pasok', 'na', '09193017807', 'purok 6 Macabayao jimenez mis occ. Elma pasok', 'ExpressInteriorDetailing', 'Montero', '9am', '04/29/2022', 'Atbang mismo sa macabayao elem school. Bahay kubo lang xa\n\n', 'complete'),
(442, 'Claire Demandante', 'claritzcpa@gmail.com', '639094395504', '042 P1 Pulot, Ozamiz City', 'Premium', 'Wigo', '9am', '05/07/2022', 'Pasulod sa dako na tulay sa Pulot', 'complete'),
(443, 'Randy Spirito', 'Na', '09300683411', 'On site', 'Premium', 'Innova', '3pm', '05/03/2022', 'On site', 'complete'),
(444, 'Dr. Broxile Macabinlar', 'Na', '00000', 'Camella', 'Premium', 'Ford F150', '9am', '05/02/2022', 'na', 'complete'),
(445, 'Dr. Broxile Macabinlar', 'Na', '00000', 'Camella', 'Premium', 'na', '12pm', '05/02/2022', 'Na', 'complete'),
(446, 'Motor', 'Na', '00000', 'Site', 'Basic', 'Motor ', '3pm', '05/02/2022', 'Na', 'complete'),
(447, 'Reggie Magbanua', 'na', '09217242571', 'Xoooom Site ', 'Ultimate', 'Mirage G4', '9am', '05/04/2022', 'Less 100', 'complete'),
(448, 'Precie ann astillero ', 'na', '639389650392', 'Aguada', 'ExpressInteriorDetailing', 'Wigo', '9am', '05/07/2022', 'Na', 'cancelled'),
(449, 'Arnie Cabalot', 'Na', '00000', 'Site ', 'Ultimate', 'Na', '12pm', '05/03/2022', 'Na', 'complete'),
(450, 'Drinlans Tailoring', 'na', '09505291690', 'Bañadero', 'Premium', 'Innova', '3pm', '05/04/2022', 'Na', 'complete'),
(452, 'Drinlans Tailoring', 'Na', '00000', 'Banadero highway', 'Premium', 'Innova', '3pm', '05/04/2022', 'Na', 'cancelled'),
(453, 'Darcy H. Jamoner', 'darcyjamoner@gmail.com', '639128918411', 'Jamoner Residence Purok 1, Brgy. Labo, Ozamiz City', 'ExpressInteriorDetailing', 'Xpander', '9am', '05/08/2022', 'Landmark:  Residence near Barangay hall\nAdd P150', 'complete'),
(454, 'Bryan', 'bryan09215@yahoo.com', '09051440659', 'Cota baybay triunfo', 'Premium', 'Nissan navara ', '12pm', '05/07/2022', 'Keep the standard of your cleaning ', 'complete'),
(455, 'Farrah Neri', 'farrahneri@gmail.com', '09189400462', 'Naomis botanical garden purok 2 banadero ozamiz city', 'Premium', 'Navara ', '3pm', '05/07/2022', 'Inside naomis botanical near pool\n', 'complete'),
(456, 'Andro Zosa', 'andro9878mz@gmail.com', '09982767077', 'Purok 6, Proper Langcangan, Oroquieta City', 'ExpressInteriorDetailing', 'montero', '9am', '05/10/2022', '3000 + add fee 350\n\nplease advise if you need preferred time than requested schedule.', 'complete'),
(457, 'Abbie Soliva', 'na', '09076150123', 'block 13 lot 7 st stephanie malaubang', 'Premium', 'Wigo', '9am', '05/07/2022', 'Less 100', 'complete'),
(458, 'Gina watin', 'na', '00000', 'Site ', 'Premium', 'Wigo', '9am', '05/07/2022', 'Na', 'complete'),
(459, 'GinahT.Maglinte', 'Ginahmaglinte@yahoo.com', '09197602568', 'Purok 2,Mobod Oroquieta City', 'ExpressInteriorDetailing', 'Ford everest', '9am', '05/11/2022', 'Not home service. Pls try to remove the taya\n\nLess 200', 'complete'),
(460, 'Lyrah', 'na', '09207162389', 'Xoooom Site ', 'Premium', 'Navara', '9am', '05/12/2022', '8.30 am. Less 100 pls upsell', 'cancelled'),
(461, 'Jedwen Liwagon', 'na', '09107279037', 'Xoooom Site ', 'Premium', 'Ford Ranger', '9am', '05/13/2022', '8.30 am sa site. Less 100. Anak ni sa tag iya', 'complete'),
(462, 'Francisco Castillo', 'na', '09122925061', 'Aguada', 'Premium', 'Fortuner', '12pm', '05/13/2022', 'Na', 'complete'),
(463, 'Maharlika navarro', 'maharlikanavarro@yahoo.com', '09184145252', 'Purok 7, bliss, lapasan, clarin ', 'Premium', 'Fortuner', '9am', '05/16/2022', 'Pls take off the coverseat, thankyou', 'complete'),
(464, 'Bryan', 'na', '09051440659', 'Xoooom Site ', 'ExpressInteriorDetailing', 'Subaru XV', '9am', '05/18/2022', '3,000 Less 200', 'complete'),
(465, 'Jo V. Gamotin', 'rannatv@yahoo.com', '09209061899', 'Greenland/Badong Village, Carangan, Ozamiz City', 'Premium', 'Honda Civic', '12pm', '05/19/2022', '1. Pm Call me if you reach the \'\'rotonda\" inside the village', 'complete'),
(466, 'Rose', 'na', '09122925061', 'Aguada', 'Premium', 'Innova', '12pm', '05/16/2022', 'Na', 'complete'),
(467, 'KT Tan', 'kttan2001@gmail.com', '09082575977', 'Gandiongco Subdivision, Ozamiz City', 'ExpressInteriorDetailing', 'Strada ', '9am', '05/21/2022', 'Luyo sa rivera near beastfriend vet clinic', 'cancelled'),
(468, 'Tom Humphrey Regalado', 'tomhumphreyregalado@gmail.com', '09998907436', 'at your branch', 'Premium', 'Suzuki Ertiga GLX 2019', '9am', '05/19/2022', 'Appointment is on 8:30 am at your branch', 'complete'),
(469, 'Riziel Solicar', 'Na', '09979946852', 'Oroquita city', 'ExpressInteriorDetailing', 'Elantra', '9am', '05/21/2022', 'Na', 'complete'),
(470, 'George', 'na', '09122925061', 'Aguada', 'Premium', 'Rio', '3pm', '05/18/2022', 'Na', 'complete'),
(471, 'Rodin Vente', 'na', '09452230740', 'Xoooom Site ', 'ExpressInteriorDetailing', 'Eon', '9am', '05/22/2022', 'Pls apila ang ligid. Basin i home service nya. Add 200', 'complete'),
(472, 'Harold Ybanez', 'na', '09189082265', 'In front of Monsgrill, city hall', 'Premium', 'Fortuner', '9am', '05/23/2022', 'Upsell ultimate', 'complete'),
(473, 'Carl Angeli Cagulada', 'caca_cagu82@yahoo.com', '639176201122', 'Camella Homes, block 6, lot 4, Labo Ozamiz City', 'ExpressInteriorDetailing', 'Innova', '9am', '05/25/2022', 'How much?', 'complete'),
(474, 'Yuan Lian Lomoloy', 'na', '09663689355', 'Poblacion 3 Clarin', 'Premium', 'Wigo', '9am', '05/24/2022', 'Add 100\n\nPoblacion 3 Clarin\nLandmark:\n1. Unahan sa Grace Gospel Church\n2. Luyo sa bag\'ong Ikea Water', 'complete'),
(475, 'Drinlans Tailoring', 'Na', '00000', 'Banadero highway', 'Premium', 'Innova', '3pm', '05/23/2022', 'NA', 'complete'),
(476, 'Gina watin', 'na', '09639385239', 'On site', 'Premium', 'Wigo', '12pm', '05/24/2022', 'Na', 'complete'),
(477, 'Jammy Tan', 'jammytan012@gmail.com', '09054991750', 'Front Yard Kitchen, Purok Bagong Silang, Brgy. Mialen, Clarin, Misamis Occidental', 'Ultimate', 'Mitsubishi Montero', '12pm', '05/27/2022', 'Front Yard Kitchen\n0908 172 6963\nhttps://maps.app.goo.gl/7fxyKnXfeiz6UKgE6\n\nThat is the location for', 'complete'),
(478, 'Erwin', 'na', '09609247168', 'Xoooom Site ', 'Premium', 'VIOS', '12pm', '05/26/2022', 'Less 100', 'cancelled'),
(479, 'Zara Esic', 'na', '09122925061', 'Police station ', 'Premium', 'Almera', '9am', '05/26/2022', 'Na', 'cancelled'),
(480, 'Zara Esic', 'na', '09122925061', 'Police station ', 'Premium', 'Almera', '9am', '05/27/2022', 'NA', 'complete'),
(481, 'Sio Mai ', 'Na', '00000', 'Xoooom Autospa Site ', 'ExpressInteriorDetailing', 'Fortuner', '9am', '05/26/2022', 'Express Interior Detailing', 'complete'),
(482, 'Dr. Broxil Macabinlar', 'Na', '09122925061', 'Camella Homes ozamiz city', 'Premium', 'Kia Soul', '9am', '05/28/2022', 'Na', 'complete'),
(483, 'Vince Malalis', 'na', '09554738210', 'Xoooom Site ', 'Premium', 'Nissan Terra', '9am', '05/30/2022', 'Less 100', 'complete'),
(484, 'Lowel Batoon', 'na', '09288028157', 'Xoooom Site ', 'Premium', 'Toyota Rush', '9am', '06/02/2022', 'Less 100', 'complete'),
(485, 'RR Ortiz', 'rod_ortizjr@yahoo.com', '09173170444', ' Purok Camanse 2, Libertad Bajo, Sinacaban, Mis Occ. (near Libertad Bajo ES ANNEX) you can search sa', 'Ultimate', 'Ford Everest', '9am', '06/01/2022', 'Xl rate = P1000\n + 150 add charge', 'complete'),
(486, 'RR Ortiz', 'na', '09173170444', 'Sinacaban', 'Ultimate', 'Ford Territory', '12pm', '06/01/2022', 'Large = 850 + add 150', 'complete'),
(487, 'Judexon Valdehueza', 'na', '09386695292', 'Xoooom Site ', 'Premium', 'Hyundai Eon', '3pm', '05/31/2022', 'Less 100', 'complete'),
(488, 'Xian', 'Na', '00000', 'Site', 'Premium', 'Xpander', '12pm', '05/30/2022', 'Na ', 'complete'),
(489, 'Drinlans Tailoring', 'na', '09122925061', 'Banadero ', 'Premium', 'Innova', '3pm', '06/01/2022', 'Na', 'complete'),
(490, 'Fr timmy', 'na', '09177022023', 'St Lorenzo Ruiz parish, Bernad Subdivision', 'Premium', 'Corolla ', '12pm', '05/31/2022', 'Na', 'complete'),
(491, 'Jovanne', 'na', '09122925061', 'On site', 'Premium', 'Mazda 3', '9am', '05/31/2022', 'Na', 'complete'),
(492, 'Tanya Fuentes', 'tanyado1528@yahoo.com', '639088923279', 'Xoooom Site (Rizal St Pob 4 Clarin Mis Occ)', 'Ultimate', 'Toyota Wigo', '12pm', '06/02/2022', 'The customer will drop by in the morning to leave the car at the site.', 'complete'),
(493, 'Rufe Oga Guangco', 'na', '09152481366', 'Carangan buli JBN Palms Subd.', 'Premium', 'Geely Azkarra', '3pm', '06/02/2022', 'No wax sa body', 'complete'),
(494, 'Grace Tomo', 'na', '09489100590', 'Xoooom Site ', 'Premium', 'Montero', '9am', '06/05/2022', 'Less 100', 'cancelled'),
(495, 'APPLE CURAMBAO', 'curambaoapple@gmail.com', '09150437692', 'Purok 1 cogon ozamiz city', 'Ultimate', 'Ford eco sport ', '9am', '06/04/2022', 'Find the li!a\'s halohalo ', 'complete'),
(496, 'Brenda Esdrelon Maata', 'na', '09997414896', 'Xoooom Site ', 'Ultimate', 'Picanto', '12pm', '06/04/2022', '9 am ihatod, kwaon at 12 noon', 'complete'),
(497, 'Janelvyn Flores Malagum', 'na', '09195122387', 'Xoooom Site ', 'ExpressInteriorDetailing', 'Navara', '9am', '06/20/2022', 'Less 200', 'complete'),
(498, 'Ricbee Agustin', 'na', '09073318000', 'Xoooom Site ', 'Premium', 'Wigo', '3pm', '06/04/2022', '2 pm sa site', 'complete'),
(499, 'Dr. Mercy Senados', 'na', '09199726655', 'Xoooom Site ', 'Premium', 'Montero', '12pm', '06/08/2022', 'Less 100', 'cancelled'),
(500, 'Jacob', 'almelorfrances@gmail.com', '639959865244', 'Purok 2A Bañadero Ozamiz City ', 'ExpressInteriorDetailing', 'Pick - up calibre Navara ', '3pm', '06/03/2022', 'Infront of lax stone ', 'cancelled'),
(501, 'Jairus Paica', 'paicajairus@gmail.com', '09565161314', 'Osmena St., Purok 1, Brgy. Malubog, Tangub City', 'Ultimate', 'toyota vios ', '3pm', '06/09/2022', 'straight cinderella hotel back of st michaels high school\n\nP700 + 150 add charge', 'complete'),
(502, 'John Vinmar Padilla Aniñon', 'na', '09176254307', 'Xoooom Site ', 'Premium', 'Wigo', '9am', '06/11/2022', 'Less 100', 'complete'),
(503, 'Masagely Abuton', 'masagely_abuton@yahoo.com', '09213654561', 'Talic Oroquieta City', 'Premium', 'Ford Everest', '12pm', '06/12/2022', 'Church of Charismatic, National Highway, Talic, Oroquieta City (Atbang Petron Station) \n\nP700 + 225 ', 'complete'),
(504, 'Jessica Alima', 'na', '09399168533', 'Xoooom Site ', 'Premium', 'Hyundai Sta Fe', '12pm', '06/05/2022', 'Large: Willing to wait until 5 pm', 'complete'),
(505, 'Susan Miñoza', 'sanminoza@gmail.com', '09083287988', 'Purok 1 Gotocan Dako Ozamiz City', 'Premium', 'Isuzu Trooper', '12pm', '06/11/2022', '600 + 50 add charge', 'cancelled'),
(506, 'Masagely Abuton', 'masagely_abuton@yahoo.com', '09213654561', 'Talic Oroquieta City', 'Premium', 'Wigo', '3pm', '06/12/2022', 'P460 + 225 add charge', 'complete'),
(507, 'Elezer S. Pantulana', 'pantulanaelezer@gmail.com', '093999195817', 'Phone number : 09399195817 3. Email address : pantu Blk 2,lot 14 RS Tan Village, Maningcol, Ozamiz C', 'Premium', 'Honda Fit', '3pm', '06/11/2022', 'Please call the cust', 'complete'),
(508, 'Shandy Gamotin', 'na', '09999933017', 'It Works Green Valley Tinago', 'Premium', 'Mirage Hatchback', '12pm', '06/08/2022', '', 'complete'),
(509, 'Charo lamelle Perez', 'na', '090655516314', ' P4 Gata Daku, clarin', 'Premium', 'VIOS', '9am', '06/08/2022', 'Add 100 charge', 'complete'),
(510, 'Estiva', 'na', '09122925061', 'On site', 'Premium', 'Raptor', '12pm', '06/06/2022', 'Na', 'complete'),
(511, 'Nestor Acuram', 'acuramnstrjr06@gmail.com', '09175566132', 'Xoooom Site (P7 Bliss Lapasan Clarin, Misamis Occidental)', 'Premium', 'Honda Civic', '3pm', '06/06/2022', 'NA', 'complete'),
(512, 'Bernard Rytz Lumayag', 'na', '09164923936', 'Xoooom Site ', 'Premium', 'Nissan Terra', '12pm', '06/06/2022', '12 noon sa site\nInterior muna balik xa Tuesday para sa Exterior. Hatagi resibo', 'complete'),
(513, 'Cris Bergado', 'na', '09771914490', 'Xoooom Site ', 'Premium', 'Honda Brio', '9am', '06/07/2022', 'Upsell', 'cancelled'),
(514, 'Xandra Braga ', 'na', '09364485073', 'Xoooom Site ', 'Premium', 'Corolla Altis', '3pm', '06/08/2022', 'Less 100. Upsell', 'complete'),
(515, 'jocelyn batomalaque', 'josie_batomalaque@yahoo.com', '09382124979', 'blk 17 lot 7 jbn palm carangan ozamis city', 'Premium', 'sportivo x2014', '9am', '06/09/2022', 'banadero sulod,carangan buli', 'complete'),
(516, 'Dexter Ayam ', 'na', '09305528957', 'Xoooom Site ', 'Ultimate', 'DMax', '12pm', '06/09/2022', 'Less 100', 'complete'),
(517, 'Mary Joy  Caño ', 'na', '09989719291', ' Rene Floriza residence. Purok 4-A Carangan', 'Premium', 'Fortuner', '12pm', '06/10/2022', 'Didto lang daritso ila Rene Floriza residence. Purok 4-A Carangan, dapit sa Faustino Elementary Scho', 'complete'),
(518, 'Toper (Friend of Mike)', 'na', '09684246563', 'Xoooom Site ', 'Premium', 'Fortuner', '9am', '06/10/2022', 'Si mike ra bayad', 'complete'),
(519, 'Mary Joy  Caño ', 'na', '09989719291', 'Rene Floriza residence. Purok 4-A Carangan', 'Premium', 'Wigo', '3pm', '06/10/2022', 'Didto lang daritso ila Rene Floriza residence. Purok 4-A Carangan, dapit sa Faustino Elementary Scho', 'complete'),
(520, 'Mary Joy  Caño ', 'na', '09989719291', 'P4 Carangan', 'Premium', 'Innova', '12pm', '06/10/2022', 'Didto lang daritso ila Rene Floriza residence. Purok 4-A Carangan, dapit sa Faustino Elementary Scho', 'complete'),
(521, 'John Michael Ontulan ', 'na', '09959813609', 'Xoooom Site ', 'Premium', 'Honda City', '9am', '06/11/2022', 'Less 100', 'complete'),
(522, 'Dr. Broxil Macabinlar', 'na', '09122925061', 'Camella Homes ozamiz city', 'Premium', 'Kia Soul', '9am', '06/13/2022', 'Na', 'complete'),
(524, 'Gleen mark Yulo', 'Na', '00000', 'On site', 'Premium', 'Honda City', '12pm', '06/11/2022', 'Na', 'complete'),
(525, 'Beng Galeon', 'na', '09072503700', 'Xoooom Site ', 'ExpressInteriorDetailing', 'Ford Escape', '9am', '06/17/2022', 'Less 200', 'complete'),
(526, 'Merluville Sabocdalao', 'na', '09158973722', 'Xoooom Site ', 'Premium', 'Suzuki Swift', '12pm', '06/13/2022', 'Less 100', 'complete'),
(527, 'Tina melan', 'na', '09122', '09559783423', 'Premium', 'Fortuner', '3pm', '06/13/2022', 'Na', 'complete'),
(528, 'Rosielyn Baron', 'rosebaron270@yahoo.com', '09513797704', 'Blk 5 lot 14 matapat street, donya rufina, bagakay ozamiz city', 'Premium', 'Starex', '3pm', '06/18/2022', 'Thankyou', 'complete'),
(529, 'Dr. Broxil Macabinlar', 'Na.', '09122925061', 'Camella Homes ozamiz city', 'Premium', 'Kia Soul', '9am', '06/15/2022', 'Na', 'complete'),
(530, 'Dr. Cheyney Caday ', 'na', '09399103890', 'Xoooom Site ', 'ExpressInteriorDetailing', 'Montero', '9am', '06/23/2022', 'Less 200', 'complete'),
(531, 'Jhie Egos ', 'na', '09196800990', 'Xoooom Site ', 'Premium', 'Hilux', '12pm', '06/15/2022', '1.30 xa maabot', 'complete'),
(533, 'Estiva', 'na', '09122925061', 'On site', 'Premium', 'Raptor', '9am', '06/16/2022', 'Na', 'complete'),
(534, 'Zara Esic', 'na', '09177053518', 'Camella homes', 'Premium', 'Almera', '9am', '06/19/2022', '8.30 am. Atbang ila dr. Macabinlar', 'complete'),
(535, 'Jacob ', 'almelorfrances@gmail.com', '639959865244', 'Purok 2A Bañadero Ozamiz City ', 'Ultimate', 'Pick up Navara ', '12pm', '06/19/2022', 'Infront of mit/OLT and Laks stone ', 'complete'),
(536, 'Thea Gahisan', 'na', '09196526463', 'Xoooom Site ', 'Premium', 'Ford Focus', '3pm', '06/19/2022', 'Less 100', 'cancelled'),
(537, 'Bunny Ty ', 'na', '09166455108', 'Xoooom Site ', 'ExpressInteriorDetailing', 'Estrada', '9am', '06/21/2022', '8.30 am nya ihatod', 'complete'),
(538, 'Ruem sumampong', 'sumampong.ruem21@gmail.com', '09171328661', '2nd south street brgy 3 tangub citu', 'ExpressInteriorDetailing', 'Fortuner', '9am', '06/24/2022', 'Pangitaa lng ang Seclot enterprise nag tindhan.. brgy 3 naa ra ang unit', 'complete'),
(539, 'CLOSED', 'na', '0000', 'Xoooom Site ', 'Basic', 'Montero', '9am', '06/26/2022', 'Test', 'cancelled'),
(540, 'CLOSED', 'na', '000', 'Xoooom Site ', 'Basic', 'Celerio', '12pm', '06/26/2022', 'Test', 'cancelled'),
(541, 'CLOSED', 'na', '000', 'Xoooom Site ', 'Basic', 'Wigo', '3pm', '06/26/2022', 'Test', 'cancelled'),
(542, 'Tina melan', 'na', '09122925061', 'Elim village', 'Premium', 'Navara', '9am', '06/22/2022', 'Na', 'cancelled'),
(543, 'Froilan Paradero ', 'na', '09655239920', 'Xoooom Site ', 'ExpressInteriorDetailing', 'Innova', '9am', '06/25/2022', 'Please humana before 5 pm', 'complete'),
(544, 'Jasper Magadan', 'na', '09381143782', 'Xoooom Site ', 'Premium', 'Navara', '9am', '06/27/2022', 'Less 100', 'complete'),
(545, 'DANIELLE ESPOSO', 'na', '09173235351', 'Block 1 Lot 23 St Stephanie', 'Basic', 'House ', '3pm', '06/25/2022', '6 pm pa fogging sa house\n\nP400 ra ako hatag', 'cancelled'),
(546, 'Mark Nano', 'na', '09154551446', 'Xoooom Site ', 'Ultimate', 'Nissan Sentra', '3pm', '06/27/2022', 'Ihatod nya 1 pm then balikan nya after work at 5 pm.', 'complete'),
(547, 'Froilan Paradero ', 'na', '09655239920', 'Xoooom Site ', 'ExpressInteriorDetailing', 'Wigo', '12pm', '06/25/2022', 'Less 200', 'complete'),
(548, 'Gina watin', 'na', '09122925061', 'On site', 'Premium', 'Wigo', '12pm', '06/27/2022', 'Na', 'cancelled'),
(549, 'Broxil Macabinlar', 'Na', '00000', 'Camilla Homes ozamiz city', 'Premium', 'Kia Soul', '9am', '06/29/2022', 'Na', 'complete'),
(550, 'Myrah May Tumarong', 'na', '09305708737', 'Xoooom Site', 'Premium', 'Ford Ranger', '9am', '06/28/2022', 'Na', 'complete'),
(551, 'Yen Mejares ', 'na', '09171185952', 'Xoooom Site ', 'Premium', 'Fortuner', '3pm', '06/29/2022', 'Less 100', 'complete'),
(552, 'Randy Visoro', 'na', '09102064624', 'Xoooom Site ', 'Premium', 'Wigo', '12pm', '07/01/2022', 'Ihatod nya at 7.30 am. Less 100 but add on UV light + 100', 'complete'),
(553, 'Farrah neri', 'farrahneri@gmail.com', '9189400462', 'Purok2 naomis botanical garden', 'Premium', 'Navara', '9am', '07/01/2022', 'Inside naomis botanical garden\n', 'complete'),
(554, 'Rensel Caga anan ', 'na', '09158976235', 'Xoooom Site ', 'ExpressInteriorDetailing', 'Hyundai Sedan', '9am', '07/02/2022', '2,500 only', 'complete'),
(555, 'Connie S. Doldolia', 'conniedoldolia@gmail.com', '09219233510', 'Purok 4, Teachers Village, Labo, Ozamiz City', 'Premium', 'Montero', '3pm', '07/05/2022', 'Add 100 travel fee. Dalan sa Labo National High School, unahan naay rough road, deretso lang. After ', 'complete'),
(556, 'Reygie O. Tabulado ', 'na', '09483674349', 'Xoooom Site ', 'Ultimate', 'Mirage G4', '12pm', '07/02/2022', 'Less 100', 'complete'),
(557, 'Dr Holly Tago ', 'na', '09985333413', 'Xoooom Site ', 'ExpressInteriorDetailing', 'Ford Ranger', '9am', '07/04/2022', 'Less 200', 'complete'),
(558, 'Abbie Soliva', 'na', '09076150123', 'block 13 lot 7 st stephanie malaubang', 'Premium', 'VIOS', '3pm', '07/02/2022', 'P400 + 300. Inyo na ang 300\n\nBuy xa air freshener', 'complete'),
(559, 'Jan Michael Tagal', 'na', '09126013666', 'Xoooom Site ', 'ExpressInteriorDetailing', 'Innova', '9am', '07/08/2022', 'Less 200', 'complete'),
(560, 'Sonia D. Pusa ', 'na', '09679910380', 'Xoooom Site ', 'Premium', 'Nissan Terra', '12pm', '07/04/2022', 'Less 100', 'complete'),
(561, 'Saulo Salvador', 'na', '09124339711', 'Xoooom Site ', 'ExpressInteriorDetailing', 'Innova', '9am', '07/06/2022', 'Less 200', 'complete'),
(562, 'Christine Tan', 'na', '09982695520', 'Tudela', 'ExpressInteriorDetailing', 'Navara', '9am', '07/03/2022', 'Add 200', 'complete'),
(566, 'Irma Villaseran', 'na', '09175920900', 'P5 gango highway ozamiz city in front SDA', 'Premium', 'Toyota Rush', '9am', '07/10/2022', 'Please upsell', 'complete'),
(567, 'Justine paredes', 'Na', '09189053779', 'Site', 'Premium', 'Van multicab', '12pm', '07/08/2022', 'Na', 'complete'),
(568, 'Queen Villa', 'na', '09122925061', 'On site', 'Basic', 'Navara', '3pm', '07/06/2022', 'Na', 'complete'),
(569, 'Ariel Bonite ', 'na', '09383078734', 'Xoooom Site ', 'Premium', 'Strada', '9am', '07/18/2022', 'Less 100', 'cancelled'),
(570, 'Tina melan', 'na', '09122925061', 'Elim village', 'Premium', 'Fortuner', '12pm', '07/11/2022', 'Na', 'cancelled'),
(571, 'Dr. Macabinlar', 'na', '0000', 'Camela homes', 'Premium', 'Kia soul', '9am', '07/09/2022', '7 - 9 - 22', 'complete'),
(572, 'Joedy Navales ', 'na', '09690779798', 'Xoooom Site ', 'Premium', 'Hi Ace Van', '12pm', '07/17/2022', '700 less 100', 'complete'),
(573, 'Mary Ann Reyes', 'na', '09388362688', 'Xoooom Site ', 'ExpressInteriorDetailing', 'Eco Sport', '9am', '08/25/2022', 'Less 200', 'cancelled'),
(574, 'jonabell Gil', 'jonabellgil@ymail.com', '9276189204', 'Catadman Ozamiz City Misamis Occidental', 'Premium', 'EcoSports', '9am', '07/13/2022', 'purok-7 Catadman Acasia ', 'cancelled'),
(577, 'Mark Jerome Yting', 'na', '09129629888', 'P5 Malaubang', 'Ultimate', 'Pick up', '9am', '07/15/2022', 'Done paying. Please ko clean sad sa likod sa pick up', 'complete'),
(578, 'Loynie sumampong', 'N/A', '1234', 'Xoooom Autospa Site ', 'Ultimate', 'Swift', '12pm', '07/14/2022', 'N/A', 'complete'),
(579, 'Rose Sarque', 'na', '09985603908', 'Elim Accounting Office Lam an', 'Premium', 'Innova', '12pm', '07/15/2022', '2pm please', 'complete'),
(580, 'Merlyn Almario', 'na', '09052166263', 'Xoooom Site ', 'ExpressInteriorDetailing', 'Montero', '9am', '08/06/2022', 'Less 200', 'complete'),
(581, 'Deinril A.Dandoy', 'na', '09685676945', 'purok 6 maranatha banadero,', 'Premium', 'Navara', '9am', '07/17/2022', 'Less 100 .Pls upsell UV\n\npasulod amoa gmay pero msg lng ugma daan ky paabot lng ko sa gawas', 'complete'),
(582, 'Rolan Beton ', 'na', '09302129341', 'Xoooom Site ', 'Ultimate', 'Sedan', '9am', '07/16/2022', 'Ultimate ang charge so 600 ang i collect sa customer pero detailing ang service', 'complete'),
(583, 'Jhon Dy', 'na', '00000', 'Site', 'Premium', 'Montero', '12pm', '07/16/2022', 'Na', 'complete'),
(587, 'Vince Macleo Flores ', 'na', '09464681821', 'Xoooom Site ', 'Premium', 'Mini van', '12pm', '07/18/2022', 'M - 500 LESS 100', 'complete'),
(588, 'Lennie Canonio ', 'na', '09192467779', 'Xoooom Site ', 'Premium', 'Fortuner', '3pm', '07/23/2022', 'Less 100', 'cancelled'),
(589, 'Dudz', 'na', '09158977221', 'Xoooom Site ', 'Premium', 'Adventure', '3pm', '07/23/2022', '2. Pm ni xa moanha Less 100', 'complete'),
(590, 'John Joe Abing ', 'na', '09171610029', 'Xoooom Site ', 'Premium', 'Mirage G4', '9am', '07/20/2022', 'Less 100', 'complete'),
(591, 'Tina Milan', 'na', '09209888857', 'Elim Village maningcol. Likod sa Mhars Gen', 'Premium', 'Fortuner', '12pm', '07/21/2022', 'A', 'complete'),
(592, 'Carousel L. Concepcion', 'nA', '09950369431', 'Xoooom Site ', 'Premium', 'Ford Eco Sport', '3pm', '07/22/2022', 'Less 100', 'complete'),
(593, 'Kri Ilagan', 'na', '09469798888', 'Xoooom Site ', 'Premium', 'Celerio', '12pm', '07/22/2022', '1 pm. Less 100', 'complete'),
(594, 'Nikki Beltran', 'na', '09468333035', 'Xoooom Site ', 'Premium', 'Kia Rio', '12pm', '07/24/2022', '1 pm', 'complete'),
(595, 'Tina melan', 'N/A', '09209888857', 'Elim village', 'Premium', 'Navara', '9am', '07/23/2022', 'NA', 'complete'),
(596, 'Elibon Penaco', 'na', '09433537858', 'Purok 1 Labo', 'Premium', 'Mux', '12pm', '07/23/2022', 'Home service', 'complete'),
(597, 'Broxil Macabinlar', 'Na.', '09507154765', 'Camella Homes ozamiz city', 'Ultimate', 'Kia Soul', '9am', '07/24/2022', 'None', 'complete'),
(598, 'Allan Paul Basco', 'NA', '09177257854', 'Greenview village maningcol', 'Premium', 'Mazda bt50', '3pm', '07/24/2022', 'NONE', 'complete'),
(599, 'Terra ', 'NA', '09999963428', 'SITE ', 'ExpressInteriorDetailing', 'Terra', '9am', '07/26/2022', 'Na', 'complete'),
(601, 'Drive in', 'na', '0000', 'Site', 'Premium', 'Montero', '9am', '07/25/2022', 'Na', 'complete'),
(602, 'Ferdinand Herra', 'na', '0000', 'Xoom Site', 'ExpressInteriorDetailing', 'Strada', '12pm', '07/25/2022', 'na', 'complete'),
(603, 'Justin Sy', 'na', '09228257573', 'Xoooom Site ', 'Premium', 'Susuki Dzire', '12pm', '07/26/2022', 'Less 100', 'complete'),
(604, 'Racky Van Abios', 'na', '09516509939', 'Xoooom Site ', 'Premium', 'Wigo', '3pm', '07/26/2022', '12 noon less 100', 'complete'),
(605, 'Bernido', 'na', '09071729205', 'Site ', 'ExpressInteriorDetailing', 'Xpander', '9am', '07/27/2022', 'Na', 'cancelled'),
(606, 'Marie Gil Mauricio', 'mhariegil@gmail.com', '09700390399', 'BLK 29 Lot 17 Camella Homes', 'Ultimate', 'Fortuner', '9am', '07/29/2022', 'Na', 'complete'),
(607, 'Elizabeth Ang ', 'na', '09175194674', 'Xoooom Site ', 'Premium', 'Xpander', '9am', '07/31/2022', 'Less 100', 'complete'),
(608, 'Kim John Louie A Tan', 'na', '09055770393', 'Xoooom Site ', 'ExpressInteriorDetailing', 'Innova', '9am', '07/31/2022', 'Less 200', 'complete'),
(609, 'Gina watin', 'na', '0000', 'Site ', 'Premium', 'Wigo', '12pm', '07/30/2022', 'Na', 'complete'),
(610, 'Hanna Unsing ', 'na', '09171245127', 'Xoooom Site ', 'Premium', 'Expander Cross', '9am', '08/03/2022', '10 am xa maabot', 'cancelled'),
(611, 'Beth Hicks', 'na', '09778256420', 'Camella Homes Blk3, Lot 12. HICKS residence', 'ExpressInteriorDetailing', 'Almera', '9am', '08/04/2022', 'Home service - please dont clean the engine', 'cancelled'),
(612, 'Johnlloyd Antiola Vilvestre ', 'na', '09383024967', 'Xoooom Site ', 'Ultimate', 'Wigo', '9am', '08/02/2022', 'Less 100', 'complete'),
(613, 'Ray-van Oaminal  ', 'na', '09365040443', 'Xoooom Site ', 'ExpressInteriorDetailing', 'Avanza', '9am', '08/07/2022', 'Less 200', 'complete'),
(614, 'Grace Simbajon', 'na', '09101723767', 'Xoooom Site ', 'Premium', 'Strada', '9am', '08/05/2022', 'Ang resibo sunlife of canada ang ibutang\n\n FREE UV xa karon pang abiso\n\nNya less 200 sa Ultimate pac', 'cancelled'),
(615, 'Walk in ', 'NA', '00000', 'Site ', 'Premium', 'Hilux', '9am', '08/03/2022', 'Na', 'complete'),
(616, 'Walk in ', 'NA', '00000', 'Site', 'Premium', 'Adventure', '12pm', '08/03/2022', 'Na', 'complete'),
(617, 'Walk in ', 'NA', '00000', 'Site', 'Premium', 'Vios', '3pm', '08/03/2022', 'Na', 'complete'),
(618, 'Walk in ', 'na', '00000', 'Site', 'Premium', 'Avanza', '9am', '08/03/2022', 'Na', 'complete'),
(620, 'Estiva', 'Na.', '00000', 'Site', 'Ultimate', 'Raptor', '9am', '08/04/2022', 'Na', 'complete'),
(621, 'Walk in ', 'na', '0000', 'Xoooom Autospa Site ', 'Premium', 'Fortuner', '12pm', '08/05/2022', 'Na', 'complete'),
(622, 'Walk in ', 'Na', '00000', 'Xoooom Autospa Site ', 'Premium', 'MUX', '3pm', '08/05/2022', 'Na', 'complete'),
(623, 'Walk in ', 'NA', '0000', 'On site', 'Ultimate', 'Fortuner', '3pm', '08/05/2022', 'NA', 'complete'),
(624, 'Mr Bourge ', 'na', '09209888857', 'Xoooom Site ', 'Premium', 'Fortuner', '9am', '08/08/2022', 'Less 100', 'complete'),
(625, 'Elizabeth Sia', 'Na', '00000', 'Tudela', 'ExpressInteriorDetailing', 'Monterosport', '9am', '08/09/2022', 'na', 'cancelled'),
(626, 'Lordan T. Solon', 'na', '09995315605', 'Xoooom Site', 'Premium', 'Toyota Rush', '9am', '08/15/2022', '8am', 'cancelled'),
(627, 'Tan ', 'Na', '09063381438', 'Atbang sa Skygo motors highway', 'Premium', 'Na', '3pm', '08/11/2022', 'Na', 'complete'),
(628, 'Kirth Jao', 'Na.', '09454929076', 'Xoooom Autospa Site ', 'ExpressInteriorDetailing', 'picanto', '9am', '08/13/2022', 'Na', 'complete'),
(629, 'Dr. Edem Padayhag', 'na', '09985425957', 'Xoooom Site ', 'ExpressInteriorDetailing', 'Navara', '9am', '08/12/2022', 'Less 200', 'complete'),
(630, 'Fe Celeste Jusayan Gogo ', 'na', '09165792069', 'Xoooom Site ', 'ExpressInteriorDetailing', 'Fortuner', '9am', '08/13/2022', 'Pls pagsayo. 8.30 sila abot', 'complete'),
(640, 'Dr. Broxil Macabinlar', 'NA', '00000', 'Camella Homes ozamiz city', 'Premium', 'Finelane 500', '9am', '08/14/2022', 'Na', 'complete'),
(641, 'Dr. Broxil Macabinlar', 'Na', '00000', 'Camella Homes ozamiz city', 'Premium', 'Kia Soul', '12pm', '08/21/2022', 'Na', 'cancelled'),
(642, 'Dr. Broxil Macabinlar', 'Na', '0000', 'Camella Homes ozamiz city', 'Premium', 'Kia Soul', '12pm', '08/14/2022', 'Na', 'complete'),
(643, 'Walk In ', 'Na', '00000', 'Xoooom Autospa Site ', 'Premium', 'Vios', '3pm', '08/14/2022', 'Na', 'complete'),
(645, 'Drinlans Tailoring', 'Na', '00000', 'Banadero highway', 'Premium', 'Innova', '12pm', '08/15/2022', 'Na', 'complete'),
(646, 'Walk in ', 'Na', '00000', 'Xoooom Autospa Site ', 'Basic', 'Navara', '9am', '08/15/2022', 'Na', 'complete'),
(647, 'Lester Dagpin', 'na', '09199996537', 'Xoooom Site ', 'ExpressInteriorDetailing', 'Strada', '9am', '08/20/2022', 'Less 200. Upsell', 'complete'),
(648, 'Elsie Langgamin', 'na', '09274360677', 'Xoooom Site', 'ExpressInteriorDetailing', 'Montero Sport', '9am', '08/20/2022', 'Less ₱200 site', 'complete'),
(649, 'Walk in ', 'Na', '0000', 'xoooom autospa Site', 'Ultimate', 'Na', '9am', '08/16/2022', 'Headlight Restoration ', 'complete'),
(650, 'Walk in ', 'Na', '00000', 'Xoooom Autospa Site', 'ExpressInteriorDetailing', 'Ecosport', '12pm', '08/16/2022', 'na', 'complete'),
(651, 'Canama', 'Na', '09485449384', 'Xoooom autospa Site', 'ExpressInteriorDetailing', 'Rush', '3pm', '08/16/2022', 'Na', 'complete'),
(652, 'Carousel Concepcion', 'NA', '09950369431', 'NA', 'Premium', 'Eco-sport', '3pm', '08/17/2022', 'NA', 'complete'),
(653, 'Mark Nano', 'na', '09154551446', 'Xoooom Site ', 'Ultimate', 'Nissan Sentra', '9am', '08/19/2022', 'Less 100', 'complete'),
(654, 'Mae lady Calinga', 'NA', '09097552697', 'On site', 'Premium', 'Mirage', '9am', '08/17/2022', 'NA', 'complete'),
(655, 'Tina melan', 'na', '09209888857', 'Likod sa Mhars Gen. Elim Village ', 'Premium', 'Fortuner', '9am', '08/19/2022', 'Na', 'complete'),
(656, 'Grace Simbajon', 'NA', '09101723767', 'On site', 'Premium', 'Fortuner', '12pm', '08/19/2022', 'NA', 'complete'),
(657, 'Jason Cataluna ', 'na', '09667323979', 'Xoooom Site ', 'ExpressInteriorDetailing', 'VIOS', '9am', '08/24/2022', 'Less 200 bayad xa credit card. Yaw singla', 'complete'),
(658, 'Myra Lou espiritu', 'Na', '09171398806', 'Baybay maningcol ', 'Premium', 'Suzuki ertega', '12pm', '08/21/2022', 'NA', 'complete'),
(659, 'Melanie Cipres', 'NA', '0908874076', 'Malaubang stephanie ', 'Premium', 'Wigo', '9am', '08/21/2022', 'NA', 'complete'),
(660, 'Jemz Zamora', 'NA', '09991190517', 'Site', 'Ultimate', 'Vios', '3pm', '08/21/2022', 'NA', 'complete'),
(661, 'Elizabeth Torres', 'NA', '0000', 'Site', 'Ultimate', 'Vios', '3pm', '08/21/2022', 'NA', 'complete'),
(662, 'Sheila Gatan ', 'na', '09053860883', '86 - I Valconcha St. Aguada Ozamiz City Across Lasalle Arts Center', 'Premium', 'Innova', '9am', '08/23/2022', 'Repeat cust', 'complete'),
(663, 'Justine Sy', 'Na.', '09228257573', 'Xoooom Autospa Site ', 'Premium', 'Dzire', '12pm', '08/22/2022', 'Na', 'complete'),
(664, 'Gina watin', 'N/A', '09639385239', 'Site', 'Ultimate', 'Wigo', '12pm', '08/25/2022', 'Na', 'complete'),
(665, 'Farrah Nire', 'NA', '09189400462', 'Naomi\'s Banadero ', 'Premium', 'Navara', '12pm', '08/26/2022', 'Na', 'complete'),
(666, 'Memay cobrado', 'NA', '09399143503', 'Site ', 'ExpressInteriorDetailing', 'Vios', '9am', '08/28/2022', 'NA', 'complete'),
(667, 'Dr. Broxil Macabinlar', 'NA', '09507154765', 'Camella Homes ozamiz city', 'Premium', 'Pick up', '12pm', '08/27/2022', 'NA', 'complete'),
(668, 'Marlo Lasita', 'NA', '09209888802', 'Site', 'Premium', 'Estrada', '3pm', '08/28/2022', 'NA', 'complete'),
(669, 'Gil Maaba', 'na', '09557040844', 'Xoooom Site ', 'Premium', 'Nissan Terra', '9am', '08/30/2022', 'Special request lang nako sir ayaw na i wax ang steering wheel kay madanlog then ang dashboard less ', 'complete'),
(670, 'Walk in ', 'NA', '00000000000', 'Site ', 'Premium', 'Fortuner', '3pm', '08/28/2022', 'NA', 'complete'),
(671, 'Rose', 'NA', '09985603908', 'Pulot', 'Premium', 'Innova', '12pm', '08/29/2022', 'NA', 'complete'),
(672, 'Tina melan', 'NA', '09209888857', 'Elim village', 'Premium', 'Navara', '9am', '08/29/2022', 'NA', 'complete'),
(673, 'Marlyn Fol', 'na', '00000', 'Site ', 'Premium', 'SR 18ERF1', '9am', '08/31/2022', 'Na', 'complete'),
(674, 'Ernie Badiang', 'NA', '000000000000', 'Site', 'Premium', 'Vios', '12pm', '08/31/2022', 'Na', 'complete'),
(675, 'Ms. Sally', 'na', '09209881950', 'Xoooom Site ', 'Premium', 'Sedan', '9am', '09/01/2022', '8.30 am', 'complete'),
(676, 'Lou ponce', 'Na', '09461766770', 'Site', 'Premium', 'Dmax', '3pm', '09/01/2022', 'NA', 'complete'),
(677, 'Guadalupe m lomocso', 'NA', '09300234433', 'Site', 'Premium', 'Vios', '3pm', '09/01/2022', 'NA', 'complete'),
(678, 'Dr. Broxil Macabinlar', 'NA', '00000000000', 'Camella Homes ozamiz city', 'Premium', 'Pick up', '3pm', '09/01/2022', 'Na', 'complete'),
(679, 'Shema Uy ', 'Na', '09063381438', 'Circumferential Road Lam an ', 'Premium', 'Geely', '9am', '09/02/2022', 'Na', 'complete'),
(680, 'Dennis Baxan ', 'NA', '00000', 'Xoooom Autospa Site ', 'Premium', 'Wigo', '12pm', '09/02/2022', 'Na', 'complete'),
(681, 'Estiva', 'Na', '0000', 'Xoooom Autospa Site ', 'Premium', 'Suzuki Wagon', '3pm', '09/03/2022', 'Na', 'complete'),
(682, 'JESUS P. DUMPIT ', 'na', '09606257675', 'Xoooom Site ', 'ExpressInteriorDetailing', 'Wigo', '9am', '09/04/2022', 'Less 200', 'complete'),
(683, 'Jill Louised bontes', 'NA', '09082575798', 'Site', 'Premium', 'Cr-v', '9am', '09/05/2022', 'Na', 'complete'),
(684, 'Ian Mark c montemayor', 'NA', '09499804870', 'Site ', 'Premium', 'Navara', '12pm', '09/05/2022', 'NA', 'complete'),
(685, 'Cristopher Gamboa', 'Na', '09684246563', 'Xoooom Autospa Site ', 'Premium', 'Rush', '12pm', '09/07/2022', 'Na', 'complete'),
(686, 'Nelford Tumala', 'Na', '0930461066', 'City high', 'Ultimate', 'Suzuki APV', '3pm', '09/07/2022', 'Na', 'complete'),
(687, 'Dr. Broxil Macabinlar', 'Na.', '00000', 'Camella Homes blk 4 lot 16', 'Premium', 'Ford vintage', '9am', '09/11/2022', 'Na', 'complete'),
(688, 'Dr. Broxil Macabinlar', 'na', '00000', 'Camella Homes blk 4 lot 16', 'Premium', 'Fairlane', '12pm', '09/11/2022', 'Na', 'complete'),
(689, 'Jammy Tan', 'na', '09054991750', 'Purok 3 (Beside Bible Baptist Church), Mialen, Clarin, Mis. Occ', 'Ultimate', 'Montero', '9am', '09/12/2022', '850 + 150 09054991750\n09081726963\n\nUnahan lang konti sa Mialen Elementary School po', 'complete'),
(690, 'Mark Nano', 'na', '09154551446', 'Xoooom Site ', 'Ultimate', 'Nissan Sentra', '9am', '09/23/2022', '11 am nya ihatod ang car', 'cancelled'),
(691, 'Stephanie ', 'Na.', '639076150123', 'Stephanie Malaubang', 'Ultimate', 'Vios', '12pm', '09/16/2022', 'Na', 'complete'),
(692, 'Dina Sumalpong', 'na', '09236988382', 'Xoooom Site ', 'ExpressInteriorDetailing', 'Expander ', '9am', '09/18/2022', 'Interior = 3,000\nExterior = 3,000\nLess = 400 \nHeadlight 500', 'complete'),
(693, 'Fr. Edward L. Tabada', 'na', '09088860096', 'Xoooom Site ', 'ExpressInteriorDetailing', 'Isuzu Fuego', '9am', '09/22/2022', 'Large ni. Less 200', 'complete'),
(694, 'Dr. Eddy Lao', 'na', '09209828971', 'Ok thank youmMETRO OZAMIZ LAB CENTER, ATBANG SA METROBANK BURGOS', 'Ultimate', 'VIOS', '9am', '09/19/2022', 'Please call doc if padung namo. 8.30 am dapat kay 12 noon mg lunch xa', 'complete'),
(695, 'Rommel Fuentes Amba II', 'na', '09616880288', 'Xoooom Site ', 'Premium', 'Xpander', '12pm', '09/19/2022', 'Less 100', 'complete'),
(696, 'Walk in ', 'ruben_mabia@yahoo.com', '09189082265', 'On site', 'Premium', 'Fortuner', '9am', '09/20/2022', 'Zdf', 'complete'),
(697, 'Dr. Broxil Macabinlar', 'NA', '09507154715', 'Camella Homes ozamiz city', 'Premium', 'Vintage ', '3pm', '09/20/2022', 'Zda', 'complete'),
(698, 'Dr. Broxil Macabinlar', 'NA', '09507154765', 'Camella Homes ozamiz city', 'Basic', 'Vantage ', '3pm', '09/20/2022', 'Na', 'complete'),
(699, 'June alima', 'NA', '09382123715', 'Site ', 'Premium', 'Fortuner', '9am', '09/21/2022', 'Na', 'complete'),
(700, 'Hervin Beduya', 'na', '096885362321', 'Xoooom Site ', 'Premium', 'Everest', '3pm', '09/21/2022', 'Na', 'complete'),
(701, 'Fritz', 'na', '09152165126', 'Xoooom Site ', 'Premium', 'Ertiga', '12pm', '09/23/2022', '09152165126\n..txti lng ko boss kay d moreciv ug unknown # call ako fon. Tnx', 'cancelled'),
(702, 'Iris Capus ', 'na', '09190090771', 'Xoooom Site ', 'ExpressInteriorDetailing', 'Mirage G4', '9am', '09/25/2022', 'Less 200', 'complete'),
(703, 'Reyds Colis', 'na', '09176203850', 'Xoooom Site ', 'Premium', 'Innova', '12pm', '09/27/2022', 'Less 100', 'cancelled'),
(704, 'Lordan t solon', 'Na.', '09995315605', 'Site ', 'Premium', 'Rush', '12pm', '09/26/2022', 'Na', 'complete'),
(705, 'Rudyard pactulin', 'Na.', '00000', 'Site', 'ExpressInteriorDetailing', 'Velostep honda', '9am', '09/24/2022', 'Na', 'complete'),
(706, 'Dr. Broxil Macabinlar', 'NA', '09507154765', 'Camella Homes ozamiz city', 'Ultimate', 'Kia Soul', '3pm', '09/27/2022', 'Na', 'complete'),
(707, 'Jeanalyn villanueva', 'na', '00000000000', 'Site ', 'Premium', 'Wigo', '9am', '09/28/2022', 'Na', 'complete'),
(708, 'Ian Mark montemayor', 'NA', '09499804870', 'Site ', 'Premium', 'Navara', '12pm', '09/28/2022', 'Na', 'complete'),
(709, 'Cecile bañas', 'NA', '09562675931', 'Site', 'Premium', 'Vios', '3pm', '09/28/2022', 'Na', 'complete'),
(710, 'Geoffey Dybongco', 'na', '09994271250', 'Tudela RJLG  Construction And  supplies', 'Premium', 'Ford Ranger', '9am', '10/02/2022', ' Centro Napu Tudela Landmark Atbang brgy office\n\n600 - fortuner\n600 - ranger\n460 - wigo\n250 - home s', 'complete'),
(711, 'Geoffry Dybongco', 'na', '09994271250', 'Tudela RJLG  Construction And  supplies', 'Premium', 'Fortuner', '9am', '10/02/2022', ' Centro Napu Tudela Landmark Atbang brgy office\n\n600 - fortuner\n600 - ranger\n460 - wigo\n250 - home s', 'complete'),
(712, 'Geoffry Dybongco', 'na', '09994271250', 'Tudela RJLG  Construction And  supplies', 'Premium', 'Wigo', '9am', '10/02/2022', ' Centro Napu Tudela Landmark Atbang brgy office\n\n600 - fortuner\n600 - ranger\n460 - wigo\n250 - home s', 'complete'),
(713, 'John Michael Ontulan', 'NA', '09959813609', 'Site', 'Premium', 'Honda City', '9am', '09/29/2022', 'Na', 'complete'),
(714, 'Cris Villalba ', 'na', '09381718402', 'Xoooom Site ', 'ExpressInteriorDetailing', 'Ertiga', '9am', '09/30/2022', 'Less 200', 'complete'),
(715, 'Jay Rrad Rabago', 'na', '09635589657', 'Xoooom Site ', 'ExpressInteriorDetailing', 'Kia Rio', '9am', '10/01/2022', 'Less 200', 'complete'),
(716, 'Dr. Broxil Macabinlar', 'NA', '0000000', 'Camella Homes ozamiz city', 'Premium', 'Nissan', '12pm', '10/02/2022', 'NA', 'complete'),
(717, 'Koreen', 'NA', '09081054169', 'Site', 'ExpressInteriorDetailing', 'Celerio', '12pm', '10/05/2022', 'Na', 'complete'),
(719, 'Romel f ambat ', 'NA', '09616880288', 'On site', 'Ultimate', 'Toyota rush', '9am', '10/07/2022', 'Na', 'complete'),
(720, 'Tan', 'na', '00000', 'Lam an', 'Premium', 'Vios', '12pm', '10/08/2022', 'Na', 'complete'),
(721, 'UV and Sanitation ', 'na', '00000', 'Site', 'Basic', 'Fogging', '3pm', '10/08/2022', 'Na', 'complete'),
(722, 'Walk in ', 'NA', '00000000000', 'Site ', 'Premium', 'Vios', '9am', '10/09/2022', 'NA', 'complete'),
(723, 'Anna Tindahan', 'Na', '000000000', 'Site ', 'Premium', 'Adventure', '12pm', '10/09/2022', 'NA', 'complete'),
(724, 'Glonadel Agan', 'na', '09050211255', 'Site', 'ExpressInteriorDetailing', 'Strada ', '12pm', '10/10/2022', 'Na', 'complete'),
(725, 'Jan Florendo', 'na', '09235258794', 'Xoooom Site ', 'ExpressInteriorDetailing', 'Honda City', '9am', '10/11/2022', 'Less 200. Kwaa ang yawe sa sebu cha', 'complete'),
(726, 'Lowrence', 'NA', '09166805384', 'Carangan', 'Premium', 'Wigo', '3pm', '10/13/2022', 'Na', 'complete'),
(727, 'Attorney lao', 'na', '09184459894', 'Site', 'Premium', 'Van', '3pm', '10/13/2022', 'Na', 'complete'),
(728, 'Zara Esic', 'NA', '09177053518', 'Police station ', 'Premium', 'Vios', '3pm', '10/14/2022', 'Na', 'complete'),
(729, 'Carla Robles', 'jcarlarobles23@gmail.com', '639162924553', 'Bernad Subdivision Chiong Compound Brgy Aguada Ozamiz City', 'ExpressInteriorDetailing', 'Hyundai Santa Fe ', '12pm', '10/17/2022', 'None so far', 'cancelled'),
(730, 'Carla robles', 'na', '09162924553', 'Site ', 'ExpressInteriorDetailing', 'Celerio ', '9am', '10/18/2022', 'Na', 'complete'),
(731, 'Edeldonzy Camacho', 'na', '09776448380', 'P3 Talic Balor Center, Oroquieta City', 'Premium', 'Honda Fit', '9am', '10/19/2022', 'Linya ra scc elem school\n\nAdd fee 300', 'complete'),
(732, 'Dr. Broxil Macabinlar', 'NA', '09565266071', 'Camilla Homes ozamiz city', 'Premium', 'Kia Soul', '3pm', '10/18/2022', 'Na', 'complete'),
(733, 'Carla Robles', 'jcarlarobles23@gmail.com', '639162924553', 'Lourdes Chiong Compound Red Gate Beside Calvary Church , Don Jose Rodriguez Street, Bernad Subdivisi', 'ExpressInteriorDetailing', 'Hyundai Santa Fe 7 Seater', '9am', '10/19/2022', 'Home Service', 'cancelled'),
(734, 'Kanto native', 'na', '09606848303', 'Site ', 'Basic', 'Motor', '3pm', '10/19/2022', 'Na', 'complete'),
(735, 'Jose Robles', 'na', '09454929080', 'Bernard', 'ExpressInteriorDetailing', 'Santafe', '12pm', '10/20/2022', 'Na', 'complete'),
(736, 'Irma Villaseran', 'na', '09175920900', 'P5 gango highway ozamiz city in front SDA', 'Premium', 'Toyota Rush', '9am', '10/23/2022', 'Check sa suki card', 'complete'),
(737, 'Romel Fuentes Amba ll', 'na', '09616880288', 'Sitw', 'Premium', 'Xpander', '9am', '10/24/2022', 'Na', 'complete'),
(738, 'Gigith galium', 'NA', '09213958257', 'Site ', 'Premium', 'Wigo', '9am', '10/27/2022', 'Na', 'complete'),
(739, 'Mary Jessi abuton', 'Na.', '09211703355', 'Site', 'Premium', 'Raptor', '9am', '10/27/2022', 'Na', 'complete'),
(740, 'Rhyrenn alegado', 'na', '09987907750', 'Site', 'Premium', 'picanto', '3pm', '10/27/2022', 'Na', 'complete'),
(741, 'Glenn remoto', 'NA', '09354231931', 'Site', 'Premium', 'Innova', '3pm', '10/27/2022', 'Na', 'complete'),
(742, 'Clint June Bahinting', 'na', '09666901958', 'Xoooom Site ', 'ExpressInteriorDetailing', 'Estrada', '9am', '11/15/2022', 'Exterior detailing ', 'cancelled'),
(743, 'Paul Sim ', 'na', '09062491545', 'Xoooom Site ', 'Ultimate', 'Toyota Rush', '9am', '11/05/2022', 'Less 100', 'cancelled'),
(744, 'Jimenez', 'Na', '09688583347', 'Jimenez ', 'Premium', 'Swift ', '9am', '10/29/2022', 'Na', 'complete'),
(745, 'Kris Taghoy', 'Na.', '09107099951', 'Site', 'Premium', 'Vios', '3pm', '10/29/2022', 'Na', 'complete'),
(746, 'Skygo ', 'Na.', '09063381438', 'Skygo', 'Premium', 'Geely', '9am', '10/31/2022', 'Na', 'complete'),
(747, 'Stephanie ', 'na', '09076150123', 'Stephanie Malaubang', 'Premium', 'Vios', '12pm', '10/31/2022', 'Na', 'complete'),
(748, 'Jerry artor ', 'NA', '09213654561', 'Oroquita city', 'Premium', 'Ford everest ', '12pm', '10/31/2022', 'Na', 'complete'),
(749, 'Nikki Dela Victoria ', 'nA', '09468333035', 'Xoooom Site ', 'Premium', 'Kia Rio', '9am', '11/03/2022', 'Less 100', 'cancelled'),
(750, 'Joshua Sy  ', 'na', '096194117141', 'Xoooom Site ', 'ExpressInteriorDetailing', 'Cheverlet Trailblazer', '9am', '11/04/2022', 'Less 200', 'complete'),
(751, 'Jhonas Barazona Endrina', 'na', '09124313276', 'Banglay Tangub', 'ExpressInteriorDetailing', 'VIOS', '12pm', '11/03/2022', 'Add 200', 'complete'),
(752, 'Charlene Fernan  ', 'na', '09178919849', 'Xoooom Site ', 'ExpressInteriorDetailing', 'Fortuner', '9am', '11/10/2022', 'Less 200', 'complete'),
(753, 'Simborio', 'na', '09639362082', 'Xoooom Site ', 'ExpressInteriorDetailing', 'Innova', '9am', '11/03/2022', '9.30 to 10 am maabot headlight', 'complete'),
(754, 'GELLIE A PALER', 'na', '094689386466', 'P6 Diguan', 'ExpressInteriorDetailing', 'Mirage Hatchback', '9am', '11/05/2022', '2,500 Add 200', 'cancelled'),
(755, 'Gina watin', 'NA', '00000000000', 'Site ', 'Premium', 'Wigo', '3pm', '11/03/2022', 'Na', 'complete'),
(756, 'Wendelyn renzal or Mamerto Aga', 'na', '09399248304', 'Xoooom Site ', 'ExpressInteriorDetailing', 'Ford Ranger', '9am', '11/06/2022', '8.30 am xa anha. Large ni.', 'complete'),
(757, 'Jose Martinez ', 'na', '09155362136', 'Xoooom Site ', 'ExpressInteriorDetailing', 'Hyundae Accent', '9am', '11/06/2022', 'Ok sunday 8:30am pa interior detailing ko. Ang main concern nako akong mga bangko need og steam clea', 'complete'),
(758, 'Walk in', 'na', '00000', 'Site ', 'Ultimate', 'Navara', '3pm', '11/04/2022', 'Na', 'complete'),
(759, 'Paul Sim soliti', 'na', '09062491545', 'Site ', 'Ultimate', 'Montero', '9am', '11/06/2022', 'Na', 'cancelled'),
(760, 'Paul sim', 'na', '09062491545', 'Site', 'Premium', 'Montero', '9am', '11/06/2022', 'Na', 'complete'),
(761, 'Dr. Broxil Macabinlar', 'NA', '00000000000', 'Camella Homes ozamiz city', 'Premium', 'Soul', '9am', '11/06/2022', 'Na', 'complete');
INSERT INTO `customer` (`customer_id`, `Name`, `email`, `contactNum`, `address`, `services`, `car_type`, `time`, `date`, `comment`, `status`) VALUES
(762, 'Dr. Broxil Macabinlar', 'NA', '00000000000', 'Camella Homes ozamiz city', 'Premium', 'Ford 150', '12pm', '11/06/2022', 'Na', 'complete'),
(763, 'Sonia pusa', 'NA', '09679910380', 'Site', 'Premium', 'Nissan', '9am', '11/07/2022', 'Na', 'complete'),
(764, 'Joy barrios', 'NA', '00000000000', 'Site ', 'ExpressInteriorDetailing', 'Avanza', '12pm', '11/07/2022', 'Na', 'complete'),
(765, 'Piere miraflor', 'NA', '09159017226', 'Site ', 'ExpressInteriorDetailing', 'Navara', '3pm', '11/07/2022', 'Na', 'complete'),
(766, 'Jestoni Milo ', 'na', '09303547319', 'Xoooom Site ', 'ExpressInteriorDetailing', 'Honda Fit', '9am', '11/12/2022', 'Headlight restoration', 'complete'),
(767, 'RAY MAYET E. AGANOS', 'na', '09672777082', 'Aloran Plaza', 'ExpressInteriorDetailing', 'Ford Everest', '9am', '11/09/2022', 'P3,500 + 400 + additional chem charge', 'complete'),
(768, 'Aloysius c Ebora', 'NA', '09177723458', 'On site', 'ExpressInteriorDetailing', 'Suzuki  SWIFT', '9am', '11/11/2022', 'Na', 'complete'),
(769, 'Estela forosuelo', 'NA', '09103898911', 'Site', 'Premium', 'Fortuner', '9am', '11/12/2022', 'NA', 'complete'),
(770, 'Joefel P Jumawan', 'Na', '09508009918', 'Site', 'Premium', 'Innova', '9am', '11/12/2022', 'NA', 'complete'),
(771, 'Nanith Tagaloguin Pelayo ', 'na', '09475671223', ' P5 Maular hi way aloran Front TJ bakeshop  Wala kaabot INC', 'ExpressInteriorDetailing', 'Hilux', '9am', '11/13/2022', 'So 3,000 for detailing\n350 for home service\n399 for watermark\n\nTotal P3,749 po', 'complete'),
(772, 'Michelle Sarocam', 'NA', '09154423886', 'Site', 'Ultimate', 'Xpander', '3pm', '11/12/2022', 'Na', 'complete'),
(773, 'Grig A Regy', 'Na.', '09190096946', 'Site', 'Premium', 'Vios', '9am', '11/13/2022', 'Na', 'complete'),
(774, 'Kasey Jane B.Buac', 'NA', '09451145380', 'Site', 'Premium', 'Xpander', '9am', '11/13/2022', 'Na', 'complete'),
(775, 'Annalyn Reduca ', 'na', '09163412731', 'Xoooom Site ', 'ExpressInteriorDetailing', 'Ford Ranger', '9am', '11/16/2022', 'Please ask sa cust asa dapit ang i clean', 'cancelled'),
(776, 'Arlene elcamel', 'Na.', '09063381438', 'Skygo', 'Premium', 'Geely ', '9am', '11/16/2022', 'Na', 'complete'),
(777, 'Christopher gamboa', 'NA', '09684246563', 'Site', 'Premium', 'Rush', '12pm', '11/16/2022', 'Na', 'complete'),
(778, 'Tracy esic', 'Na.', '09177053518', 'Police station ', 'Premium', 'Almera', '9am', '11/17/2022', 'Na', 'complete'),
(779, 'Julius cabaay', 'N/A', '09338118118', 'Camella', 'Premium', 'Mirage', '9am', '11/18/2022', 'Na', 'complete'),
(780, 'Mae lady rose C calinga', 'Na.', '09097552697', 'Site', 'Premium', 'Mirage', '9am', '11/20/2022', 'Na', 'complete'),
(781, 'Irma villaseran', 'NA', '09175920900', 'Gango', 'Premium', 'Revo', '3pm', '11/20/2022', 'Na', 'complete'),
(782, 'Dennis Sotto', 'na', '09985902959', 'DDA Car  Center  Maningcol in front Medina', 'ExpressInteriorDetailing', 'VIOS', '9am', '11/22/2022', 'No charge', 'cancelled'),
(783, 'Maam Dela Cerna  ', 'na', '09171026463', 'Xoooom Site ', 'ExpressInteriorDetailing', 'Fortuner', '9am', '11/22/2022', 'Less 500', 'cancelled'),
(784, 'Kimberly amorez', 'NA', '09501240185', 'Botanical', 'ExpressInteriorDetailing', 'Supa', '3pm', '11/28/2022', 'Na', 'cancelled'),
(785, 'Kimberly amores', 'NA', '09501240185', 'Botanical', 'ExpressInteriorDetailing', 'Supa', '3pm', '11/21/2022', 'Na', 'complete'),
(786, 'Lourd Navaja', 'na', '09956115512', 'Xoooom Site ', 'ExpressInteriorDetailing', 'Toyota Yares Hatchback', '9am', '12/03/2022', 'Medium ni', 'complete'),
(787, 'Arne Copingco', 'NA', '0000000000000', 'Site', 'Ultimate', 'Avanza', '12pm', '11/23/2022', 'NA', 'complete'),
(788, 'Milavel Dahili', 'na', '09206710240', 'OCSAT Maningcol', 'ExpressInteriorDetailing', 'Ertiga', '9am', '11/24/2022', 'Be on time', 'complete'),
(789, 'Tina watin', 'NA', '09639385239', 'Site ', 'Premium', 'Wigo', '9am', '11/24/2022', 'Na', 'complete'),
(790, 'Alfie Cimafranca', 'Na', '000000000000', 'On site', 'Ultimate', 'Santana', '9am', '11/25/2022', 'na', 'complete'),
(791, 'Diana T Palanas', 'NA', '00000000000', 'Sire', 'Premium', 'Hyundai Eon', '12pm', '11/25/2022', 'NA', 'complete'),
(792, 'Montemayor ', 'na', '0000', 'Sits ', 'Premium', 'Navara', '3pm', '11/26/2022', 'Na', 'complete'),
(793, 'Irma Villaresan', 'na', '09175920900', 'P5 gango high way', 'Premium', 'Toyota Rush ', '9am', '11/27/2022', 'Na', 'complete'),
(794, 'Ritchel Mendoza', 'na', '09193348933', 'P3 Hulpa Tudela unahan sa aglipay church', 'ExpressInteriorDetailing', 'Pick up', '9am', '11/29/2022', '3,600\nAko ra mo pay sa premium wash and home service fee', 'complete'),
(795, 'Jocelyn masama', 'NA', '0000000000', 'Site ', 'Premium', 'Navara', '12pm', '11/28/2022', 'Na', 'complete'),
(796, 'Walk in ', 'Na.', '000000000', 'Site ', 'Basic', 'Motor', '9am', '11/27/2022', 'Na', 'complete'),
(797, 'Antonio dalmocio', 'NA', '092926555', 'Site ', 'ExpressInteriorDetailing', 'Fortuner', '9am', '11/28/2022', 'Na', 'complete'),
(798, 'Jade D Ongi ', 'na', '09064550549', 'Xoooom Site ', 'ExpressInteriorDetailing', 'Honda Fit', '9am', '12/02/2022', 'Basa iya carpet.please vacuum and steam para ma uga', 'cancelled'),
(799, 'Joan Flores', 'na', '09567738226', 'Site', 'Premium', 'Suzuki', '12pm', '12/03/2022', 'Na', 'complete'),
(800, 'Micaen A. Manalo', 'na', '09567637851', 'Site', 'Ultimate', 'Adventure', '3pm', '12/03/2022', 'Na', 'complete'),
(801, 'Walk in ', 'NA', '00000000', 'Site ', 'Premium', 'Vios', '9am', '12/03/2022', 'Na', 'complete'),
(802, 'Motor', 'Na', '00000', 'Site', 'Basic', 'Motor ', '9am', '12/04/2022', 'Na', 'complete'),
(803, 'Tina melan', 'Na', '00000000000', 'Elim village', 'Premium', 'Fortuner', '12pm', '12/04/2022', 'NA', 'complete'),
(804, 'Lowel m batoon', 'NA', '09288028157', 'Site', 'Ultimate', 'Rush', '9am', '12/06/2022', 'Na', 'complete'),
(805, 'Joseph Lagahit', 'na', '09104735852', 'Maningcol, Ozamiz City  After overpass Black Gate', 'ExpressInteriorDetailing', 'Adventure', '9am', '12/08/2022', 'Upsell headlight', 'complete'),
(806, 'Ronaldo arzaga', 'NA', '09656473257', 'Site ', 'Basic', 'Vios', '12pm', '12/09/2022', 'Na', 'complete'),
(807, 'BIG BIKE', 'na', '00000', 'Xoooom Autospa Site ', 'ExpressInteriorDetailing', 'Bigbike', '12pm', '12/10/2022', 'Na', 'complete'),
(808, 'Irma Villaseran ', 'na', '00000', 'Gango ', 'Premium', 'Toyota Rush', '9am', '12/11/2022', 'Na', 'complete'),
(809, 'Big Bike Motor', 'na', '00000', 'Site', 'Basic', 'Motor', '3pm', '12/11/2022', 'Na', 'complete'),
(810, 'Trisha Segovia', 'shael.im04@gmail.com', '09169157306', 'Purok 4, Austin Heights, Kolambugan, Lanao del Norte', 'ExpressInteriorDetailing', 'Toyota Avanza', '9am', '12/19/2022', 'Can you do home service dnhi sa lanao del norte?', 'cancelled'),
(811, 'Regie Lou Pintacasi', 'na', '09280785592', 'Xoooom Site ', 'Premium', 'Toyota Echo', '9am', '12/22/2022', 'Small ni xa', 'complete'),
(812, 'Friend of Vincent', 'na', '00000', 'Stephanie Malaubang', 'ExpressInteriorDetailing', 'Fortuner', '9am', '12/15/2022', 'Na', 'complete'),
(813, 'Randy Spirito', 'na', '00000', 'Baybay maningcol', 'Ultimate', 'Accent', '9am', '12/18/2022', 'Na', 'complete'),
(814, 'Motor', 'Na', '00000', 'Site ', 'Basic', 'ADV', '3pm', '12/18/2022', 'Na', 'complete'),
(815, 'Ma\'am Rose', 'na', '00000', 'Lam an Elim village ', 'Premium', 'Innova', '3pm', '12/19/2022', 'Na', 'complete'),
(816, 'Jeriel malicay', 'NA', '09982849316', 'Xoooom Autospa Site ', 'ExpressInteriorDetailing', 'Hilux', '9am', '12/19/2022', 'Na', 'complete'),
(817, 'Nila Pintacasi', 'na', '09284340888', 'Rosa Vayson Village Maningcol', 'Ultimate', 'Innova', '12pm', '12/20/2022', 'Pls be on time', 'complete'),
(818, 'Nila Pintacasi', 'na', '09284340888', 'Rosa Vayson Village Maningcol', 'Ultimate', 'Avanza', '9am', '12/21/2022', 'Pls be on time', 'cancelled'),
(819, 'Cris Bergado', 'na', '09771914490', 'Xoooom Site', 'Premium', 'Honda Brio White', '9am', '12/22/2022', 'Medium Premium', 'complete'),
(820, 'Samie Aso', 'na', '00000', 'Site', 'ExpressInteriorDetailing', 'Innova', '3pm', '12/21/2022', 'Nq', 'complete'),
(821, 'Jhon Dy', 'na', '0000', 'Site ', 'ExpressInteriorDetailing', 'Vios', '9am', '12/21/2022', 'Na', 'complete'),
(822, 'Rodrigo palao', 'NA', '00000000000', 'Site ', 'Premium', 'Vios', '12pm', '12/22/2022', 'Na', 'complete'),
(823, 'Mervin Gonzales', 'na', '09983279747', 'Purok 5, Upper Malaubang', 'ExpressInteriorDetailing', 'Hyundai Tucson', '9am', '12/23/2022', '8:30AM, pls be early. Cousin ni sir Nix ni.', 'complete'),
(824, 'Jessel Abarca', 'na', '09393755914', 'Xoooom Site ', 'Premium', 'Expander', '9am', '12/23/2022', 'Premium', 'complete'),
(825, 'Rhea Cabigas', 'na', '09382794955', 'Xoooom Site ', 'ExpressInteriorDetailing', 'Avanza', '9am', '12/28/2022', 'Less 200', 'complete'),
(826, 'Geoffey Dybongco', 'na', '09994271250', 'Upper Centro, Tudela', 'Premium', 'Ford Ranger, Fortuner, Wigo', '9am', '01/07/2023', 'Home service', 'complete'),
(827, 'Neilchen Kirk Virtudazo ', 'nA', '09076034299', 'Xoooom Site ', 'ExpressInteriorDetailing', 'Innova', '9am', '12/30/2022', 'Headlight restoration', 'complete'),
(828, 'Michael Jay Homol', 'na', '09166272706', 'Xoooom Site ', 'ExpressInteriorDetailing', 'Wigo', '9am', '12/27/2022', 'Vacuum only', 'complete'),
(829, 'Jeane', 'na', '00000000', 'Xoooom Site ', 'ExpressInteriorDetailing', 'Mirage G4', '9am', '12/26/2022', 'Spot detailing', 'complete'),
(830, 'Lawrence Calinawan', 'na', '09166805384', 'Xoooom Site ', 'ExpressInteriorDetailing', 'Mirage Hatchback', '9am', '12/26/2022', 'Less 200', 'complete'),
(831, 'Samantha Lim', 'na', '0000000', 'Xoooom Site ', 'ExpressInteriorDetailing', 'Honda City', '9am', '12/26/2022', 'Less 200', 'complete'),
(833, 'Charlyn Oracion', 'na', '09076462811', 'Xoooom Site ', 'ExpressInteriorDetailing', 'Wigo', '9am', '12/31/2022', 'Suyop tubig - 2500. Kwaon dec 30', 'complete'),
(834, 'Michael Jay Homol', 'na', '09166272706', 'Xoooom Site ', 'ExpressInteriorDetailing', 'Wigo', '9am', '12/28/2022', 'No less', 'complete'),
(835, 'Alfie Lapiz De Leon', 'na', '09362481096', 'Xoooom Site ', 'ExpressInteriorDetailing', 'VIOS', '9am', '12/29/2022', '3,000 no less', 'cancelled'),
(836, 'Lovell Yap Pueying', 'na', '09564227778', 'Xoooom Site ', 'ExpressInteriorDetailing', 'Picanto', '9am', '12/31/2022', '3,000 no less', 'complete'),
(837, 'Givenson Simbajon', 'na', '09124368421', 'Xoooom Site ', 'ExpressInteriorDetailing', 'Ertiga', '9am', '12/29/2022', '3,000 + 300 seat cover removal for the boys', 'complete'),
(838, 'Maam Rizalina', 'na', '09209539226', 'Labo, Aiport', 'ExpressInteriorDetailing', 'Hilux', '9am', '01/02/2023', 'Jan 2. Mo update xa if home service or shop', 'complete'),
(839, 'Farrah neri', 'farrahneri@gmail.com', '09189400462', 'Naomis Botanical Garden Banadero Ozamiz city', 'Ultimate', 'Navara', '9am', '12/30/2022', 'Inside naomis botanical garden', 'cancelled'),
(840, 'Emee Gapo', 'na', '09058617244', 'Xoooom Site ', 'Ultimate', 'Wigo', '9am', '12/29/2022', 'Less 100', 'complete'),
(841, 'Kim John Louie A Tan', 'na', '09055770393', 'Xoooom Site ', 'ExpressInteriorDetailing', 'Innova', '9am', '12/29/2022', 'Spot detailing - 2500', 'complete'),
(842, 'Vivian Catayas', 'na', '09516547318', 'Xoooom Site ', 'ExpressInteriorDetailing', 'Kia Carens', '9am', '01/05/2023', '4k detailing', 'complete'),
(843, 'Sir Tata', 'na', '09214022003', 'Xoooom Site ', 'ExpressInteriorDetailing', 'Wigo', '9am', '01/03/2023', 'Interior + exterior = 5,100 less 100', 'complete'),
(844, 'Atty. Anthony Awa', 'na', '09566715174', 'Xoooom Site ', 'Premium', 'Wigo', '9am', '12/30/2022', 'Less 100', 'complete'),
(845, 'Sir Macoy', 'na', '09108802700', 'Xoooom Site ', 'ExpressInteriorDetailing', 'VIOS', '9am', '12/30/2022', 'Vacuum dry - P1,000', 'complete'),
(846, 'Lovell Yap Pueying', 'na', '095664227778', 'Xoooom Site ', 'ExpressInteriorDetailing', 'Picanto', '9am', '12/30/2022', 'Full detail - 4,000 baklas 4,500', 'cancelled'),
(847, 'Jayson S. Calderon', 'na', '09072807400', 'Xoooom Site ', 'ExpressInteriorDetailing', 'Corolla Altis', '9am', '01/05/2023', 'Jan 5, 2023 less 200- the usual detailing', 'complete'),
(848, 'Earl', 'na', '09953897900', 'Xoooom Site ', 'Basic', 'Motorbike', '9am', '12/30/2022', 'Less 100', 'complete'),
(849, 'Mr Ronan', 'na', '09302129341', 'Xoooom Site ', 'ExpressInteriorDetailing', 'Cheverlet', '9am', '12/30/2022', '3,000 baklas + vacuum dry', 'complete'),
(850, 'Mr. Fernandez', 'na', '09567610660', 'Xoooom Site ', 'Basic', 'Motor', '9am', '12/30/2022', 'Motor', 'complete'),
(851, 'Mark Aroban', 'na', '000000000', 'Xoooom Site ', 'Ultimate', 'Toyota Rush', '3pm', '12/31/2022', 'Less 100', 'complete'),
(852, 'Mrs Uy', 'na', '000000000', 'Xoooom Site ', 'Basic', 'Geely Azkarra', '9am', '12/31/2022', 'Fogging only', 'complete'),
(853, 'Shema Uy', 'na', '09063381438', 'Circumferencial Road Lam an', 'Ultimate', 'Geely Azkarra and Hilux', '9am', '01/06/2023', 'Suki', 'complete'),
(855, 'Johanna Saligan ', 'na', '09606260976', 'Xoooom Site ', 'ExpressInteriorDetailing', 'Avanza', '9am', '01/07/2023', 'Less 200 - wala nabahaan', 'complete'),
(856, 'Anastacio M Gallosa ', 'na', '09989573077', 'Xoooom Site ', 'ExpressInteriorDetailing', 'Mirage Hatchback', '9am', '01/15/2023', 'Baklas + full detail 4,000', 'cancelled'),
(857, 'Cliff Darhyll ', 'na', '09462986574', 'Xoooom Site ', 'Premium', 'VIOS', '9am', '01/03/2023', 'Less 100 at 10 am', 'complete'),
(858, 'Klang Guangco', 'na', '639694685965', 'Xoooom Site ', 'ExpressInteriorDetailing', 'Suzuki Vitara', '9am', '01/04/2023', 'Less 200', 'complete'),
(860, 'Chris Sander Halasan', 'na', '09762272252', 'Xoooom Site ', 'ExpressInteriorDetailing', 'Vios', '9am', '01/09/2023', '3,800 baklas', 'cancelled'),
(861, 'Nikki Dela Victoria ', 'na', '09468333035', 'Xoooom Site ', 'ExpressInteriorDetailing', 'Kia Rio', '9am', '01/03/2023', '3,700', 'complete'),
(863, 'Walk in ', 'NA', '0000000000', 'On site', 'Basic', 'Innova', '9am', '01/04/2023', 'Na', 'complete'),
(864, 'Ms.glaiza', 'NA', '09052124905', 'Site ', 'ExpressInteriorDetailing', 'Mirage', '9am', '01/06/2023', 'Na', 'complete'),
(865, 'Jan markmontemayor', 'NA', '09499804870', 'Site', 'Premium', 'Navara', '3pm', '01/06/2023', 'Na', 'complete'),
(866, 'Shema uy', 'NA', '0000000000', 'Skygo', 'Premium', 'Strada', '3pm', '01/06/2023', 'Na', 'complete'),
(867, 'Estiva', 'NA', '00000000000', 'Site', 'ExpressInteriorDetailing', 'Chev', '9am', '01/06/2023', 'Na', 'complete'),
(868, 'John Darell Tejada ', 'na', '09304437013', 'Xoooom Site ', 'ExpressInteriorDetailing', 'Mirage G4', '9am', '01/10/2023', 'Less 200', 'complete'),
(869, 'Tina Louise T. Odchigue', 'na', '09154588294', 'Esperanza St Pob.2 Pantad Clarin,Mis.Occ', 'ExpressInteriorDetailing', 'Pick up', '9am', '01/11/2023', '3,000 + 250 home service\nEsperanza St Pob.2 Pantad Clarin,Mis.Occ.(in front of windriver bistro bar ', 'complete'),
(870, 'Geoffrey Dybongco ', 'Na', '0000', 'Tudela ', 'Premium', 'Montero', '9am', '01/07/2023', 'Na', 'complete'),
(871, 'Geoffrey Dybongco', 'na', '00000', 'Tudela ', 'Premium', 'Wigo', '9am', '01/07/2023', 'Na', 'complete'),
(872, 'Ms. HONY', 'na', '00000', 'Clarin', 'Premium', 'Chevrolet ', '3pm', '01/07/2023', 'Na', 'complete'),
(873, 'M. HONY', 'na', '0000', 'Clarin', 'Premium', 'Strada', '3pm', '01/07/2023', 'Na', 'complete'),
(874, 'Francesca Tan', 'na', '00000', 'Tudelq', 'Ultimate', 'Geely', '12pm', '01/08/2023', 'Na', 'complete'),
(875, 'Mark Villegas', 'na', '09560265705', 'Brgy. Mauswagon Tinago', 'ExpressInteriorDetailing', 'Raptor', '9am', '01/12/2023', '3,500', 'complete'),
(877, 'Sir Ronie', 'NA', '09709514994', 'Site', 'ExpressInteriorDetailing', 'Revo', '12pm', '01/08/2023', 'Na', 'complete'),
(878, 'Wilmer R cumesad', 'NA', '09606265918', 'Site ', 'ExpressInteriorDetailing', 'Vios', '12pm', '01/08/2023', 'Na', 'complete'),
(879, 'Nila Pentacasi', 'na', '09284340888', 'Rosa Vayson Village Maningcol', 'ExpressInteriorDetailing', 'Innova', '9am', '01/11/2023', 'Interior and exterior detailing\n\n3k + 3,600 = 6600', 'complete'),
(880, 'Art Villar', 'na', '09054518965', 'Abuton Compound, Barrientos St., Purok 2 Layawan, Oroquieta City', 'ExpressInteriorDetailing', 'Honda Civic', '9am', '01/21/2023', '2,800 + 400 home service + 300 cover removal', 'complete'),
(881, 'Myrell Apat ', 'na', '09088128781', 'Xoooom Site ', 'ExpressInteriorDetailing', 'Avanza', '9am', '01/16/2023', 'Headlight restoration', 'complete'),
(882, 'Vincent', 'na', '0000', 'Site', 'Premium', 'Ford', '3pm', '01/10/2023', 'Less 50% total 180', 'complete'),
(883, 'Manilyn C. Muñez ', 'na', '09453557295', 'Xoooom Site ', 'ExpressInteriorDetailing', 'VIOS', '9am', '01/17/2023', 'Less 200 ', 'complete'),
(884, 'Tina Melan', 'Na', '0000', 'Elim Village ', 'Premium', 'Fortuner', '9am', '01/12/2023', 'Na', 'complete'),
(885, 'Carmen T Nodelil', 'NA', '000000', 'Labo ozamiz', 'Ultimate', 'Kia', '9am', '01/14/2023', 'NA', 'complete'),
(886, 'Walk in', 'na', '00000000', 'Site', 'Ultimate', 'Expander', '12pm', '01/14/2023', 'NA', 'complete'),
(887, 'Kim Rivera', 'na', '09226591642', 'Abuton compound layawan oroquieta city', 'ExpressInteriorDetailing', 'Espreso', '9am', '01/19/2023', 'Baklas and exterior detailing = 5,000 + 400 home service', 'cancelled'),
(888, 'Kim Rivera', 'na', '09226591642', 'Abuton compound layawan oroquieta city', 'ExpressInteriorDetailing', 'Ford Everest', '9am', '01/19/2023', 'Interior 3,500 + Exterior detailing = 3,600 + 400 home service \n\nTotal = 7,500', 'complete'),
(889, 'Irma Villaseran', 'Na', '0000', 'Gango', 'Premium', 'Na', '9am', '01/16/2023', 'Na', 'complete'),
(890, 'Jane ', 'Na', '0000', 'Site', 'ExpressInteriorDetailing', 'Wigo', '12pm', '01/16/2023', 'Na', 'complete'),
(891, 'Jeffrey', '0000', '0000', 'Xoooom Autospa Site', 'Ultimate', 'Navara', '3pm', '01/16/2023', 'Na', 'complete'),
(892, 'Jhon Dy', 'na', '0000', 'Site ', 'Ultimate', 'Avanza', '9am', '01/16/2023', 'Na', 'cancelled'),
(893, 'Merry Jovel C. Hernandez', 'na', '09751252945', 'Nacional (Pob 1), Jimenez,Mis. Occ. ', 'ExpressInteriorDetailing', 'Hilux', '9am', '01/23/2023', '3,600 + 500 home service = 4,100\n\n\n\nLandmark: MRR HAPI DEALER  Store (Selecta Ice cream)', 'complete'),
(894, 'Jammeron', 'na', '000', 'Site ', 'Ultimate', 'Navara', '12pm', '01/17/2023', 'Na', 'cancelled'),
(895, 'Hervin Beduya', 'na', '000000', 'Xoooom Site ', 'Ultimate', 'Ford Everest', '12pm', '01/17/2023', '750 ra ni xa', 'complete'),
(896, 'Doc Cares c/o Sugar', 'na', '09957769822', 'P5, WMC Compound, Gango, Ozamis City, Misamis Occidental', 'ExpressInteriorDetailing', '8 sets Sofa', '9am', '01/20/2023', '3,000 ni tanan', 'complete'),
(898, 'Emeterio Bugas ', 'na', '09178241925', 'Xoooom Site ', 'ExpressInteriorDetailing', 'Suzuki Swift', '9am', '01/24/2023', '4,000 + baklas + full detail', 'complete'),
(899, 'Kim Rivera', 'na', '000000', 'Oroquita city', 'ExpressInteriorDetailing', 'Spresso', '12pm', '01/19/2023', 'Na', 'complete'),
(900, 'Violy A Vente ', 'nA', '09464290564', ' P1 Nailon Tudela Mis Occ Aling the hi-way ', 'ExpressInteriorDetailing', 'VIOS', '12pm', '01/21/2023', '3,500 + 200 home service', 'complete'),
(901, 'Giovani Becagas', 'na', '09608924581', 'Xoooom Site ', 'Ultimate', 'Kia Rio', '9am', '01/23/2023', 'Less 100', 'complete'),
(902, 'Walk in ', 'na', '00000', 'Site', 'ExpressInteriorDetailing', 'Vios', '3pm', '01/20/2023', 'Na', 'complete'),
(903, 'Felmar', 'na', '09104106373', 'Xoooom Site ', 'Premium', 'Navara', '9am', '01/22/2023', 'Less 100', 'complete'),
(904, 'Felmar', 'na', '09104106373', 'Xoooom Site ', 'ExpressInteriorDetailing', 'Navara', '9am', '01/22/2023', 'Spot detailing 1,500', 'complete'),
(905, 'Joshua Chua ', 'na', '09189511111', 'Gaincoco, border sa Ozamiz and Tangub', 'ExpressInteriorDetailing', 'Fortuner ', '9am', '01/26/2023', 'Interior 3,000 + exterior 3,600 + 300 homeservice', 'complete'),
(906, 'Joshua Chua', 'na', '09189511111', 'Gaincoco border sa Ozamiz and Tangub', 'ExpressInteriorDetailing', 'Strada', '9am', '01/26/2023', '3,000 + 300 home service', 'complete'),
(907, 'Kaira Tagudin', 'na', '00000000', 'Site', 'ExpressInteriorDetailing', 'picanto', '3pm', '01/22/2023', 'NA', 'complete'),
(908, 'Rhea Joie Cabigas', 'na', '00000', 'Site', 'ExpressInteriorDetailing', 'Avanza', '9am', '01/23/2023', 'Headlight  Restoration- 999', 'complete'),
(909, 'Dee Bacusmo', 'na', '09154851075', 'Block 18 lot 28 Camella Homes', 'Ultimate', 'VIOS', '9am', '01/24/2023', 'Please give suki card', 'complete'),
(910, 'Ronaldo Liboon', 'na', '000000', 'Site', 'ExpressInteriorDetailing', 'Hyundai i10', '9am', '01/23/2023', 'Headlight Restoration ', 'complete'),
(911, 'Jeran ', 'na', '092020787422', 'Site', 'Premium', 'Vios', '12pm', '01/24/2023', 'Na', 'complete'),
(912, 'Police Camella', 'na', '09177053581', 'Camella Homes ozamiz city', 'Premium', 'Vios ', '12pm', '01/24/2023', 'Na', 'complete'),
(913, 'Nikki Beltran', 'na', '09468333035', 'Xoooom Site ', 'Premium', 'Kia Rio', '9am', '01/26/2023', 'Less 100 permahi ang suki card', 'complete'),
(914, 'Joy Riga ', 'na', '09176259831', 'Xoooom Site ', 'Premium', 'Kia Rio Hatchback', '9am', '01/27/2023', 'Less 100', 'complete'),
(915, 'Billy Joe Castrence ', 'na', '09616020217', 'Xoooom Site ', 'Ultimate', 'VIOS', '12pm', '01/27/2023', 'Less 100', 'complete'),
(916, 'Ian', 'na', '000000', 'Xoooom Site ', 'Premium', 'Navara', '12pm', '01/27/2023', 'Less 100', 'complete'),
(917, 'John Dominic Q Latras ', 'na', '09070721232', 'Xoooom Site ', 'ExpressInteriorDetailing', 'Toyota Revo', '9am', '02/04/2023', 'Exterior Detailing 3,600 + 300 (engine wash, vacuum and wax sa sulod)', 'complete'),
(918, 'Em Bugas', 'na', '09178241925', 'Xoooom Site ', 'ExpressInteriorDetailing', 'Suzuki Swift', '9am', '02/06/2023', 'Back job. Baklas', 'complete'),
(919, 'Ken', 'na', '09309556691', 'Camela', 'Premium', 'Vios', '12pm', '01/28/2023', 'Na', 'complete'),
(920, 'Ken ', 'na.', '09309556691', 'Camella', 'Premium', 'Na', '3pm', '01/28/2023', 'Na', 'complete'),
(921, 'Alora', 'na', '00000', 'Canella ', 'Ultimate', 'Wigo', '12pm', '01/28/2023', 'Na', 'complete'),
(922, 'John Chrisam Gandamra ', 'na', '09177777089', 'Xoooom Site ', 'ExpressInteriorDetailing', 'Ertiga', '9am', '02/12/2023', 'Express Exterior Detailing + 200 engine wash', 'complete'),
(923, 'Paul Sim ', 'na', '09062491545', 'Xoooom Site ', 'ExpressInteriorDetailing', 'Toyota Rush', '9am', '01/31/2023', 'Less 200', 'complete'),
(924, 'Edmar Coronel ', 'na', '09209888874', 'Xoooom Site ', 'ExpressInteriorDetailing', 'Avanza', '9am', '01/31/2023', 'Less 200', 'complete'),
(925, 'Clyde Libradilla  ', 'na', '09156514062', 'Xoooom Site ', 'ExpressInteriorDetailing', 'Vios Batman', '9am', '02/01/2023', '999 pa ni xa.pls ko hinay2 kay naa tipak', 'complete'),
(926, 'Matthew Cha ', 'na', '09177777414', 'Xoooom Site ', 'ExpressInteriorDetailing', 'Honda Jazz', '9am', '02/01/2023', 'Less 200', 'complete'),
(927, 'Gina Watin', 'na', '00000', 'Site', 'Premium', 'Wigo ', '9am', '01/31/2023', 'Na', 'complete'),
(928, 'Helen Santos ', 'na', '09178063059', 'Lot 55 blk 2 R.S.Tan village,maningcol, ozamis city', 'ExpressInteriorDetailing', 'Innova', '9am', '02/04/2023', 'No less', 'complete'),
(929, 'Jose Olegario', 'na', '09468451839', 'Site', 'Ultimate', 'Innova', '12pm', '02/02/2023', 'Na', 'complete'),
(930, 'Dea bodiongan ', 'na', '0908996936', 'Site', 'ExpressInteriorDetailing', 'Mirage', '9am', '02/03/2023', 'Na', 'complete'),
(931, 'Walk in ', 'NA', '000000000', 'Site', 'Premium', 'Mirage ', '12pm', '02/03/2023', 'Na', 'complete'),
(932, 'Reynaldo Nano', 'Na', '09154557446', 'Site', 'Ultimate', 'Toyotq', '9am', '02/04/2023', 'NA', 'complete'),
(933, 'Jeanifer Cuizon ', 'na', '09089220310', 'Xoooom Site ', 'ExpressInteriorDetailing', 'Honda Mobilio', '9am', '02/08/2023', '3,000 less 200.\n\nIbilin niya sayo ang car', 'complete'),
(934, 'Dr. Lorie Fe Arevalo ', 'na', '09399228289', 'Xoooom Site ', 'ExpressInteriorDetailing', 'Innova', '9am', '02/06/2023', 'Less 200', 'cancelled'),
(935, 'Helen santos', 'Na', '09178063059', 'Site', 'ExpressInteriorDetailing', 'Innova', '9am', '02/05/2023', 'Na', 'complete'),
(936, 'Estiva', 'na', '00000', 'Site', 'Premium', 'Ford ', '9am', '02/05/2023', 'Na', 'complete'),
(937, 'Walk in ', 'na', '0000', 'Site', 'Premium', 'Wigo', '9am', '02/05/2023', 'Na', 'complete'),
(938, 'Kristel Hinagdanan  ', 'na', '09108675598', 'Golden Inn Lam-an Ozamiz City', 'Premium', 'Picanto', '9am', '02/11/2023', 'Home service', 'complete'),
(939, 'Kristel Hinagdanan  ', 'na', '09108675598', 'Golden Inn Lam-an', 'Premium', 'Fortuner', '9am', '02/11/2023', 'Home service', 'complete'),
(940, 'Mike', 'na', '000000', 'Site', 'Basic', 'MOTOR', '12pm', '02/06/2023', 'Nay walk in motor', 'complete'),
(941, 'Drinlan\'s Tailoring', 'na', '639505291690', 'Banadero Highway Ozamiz City', 'Ultimate', 'Innova', '9am', '02/07/2023', 'Suki', 'complete'),
(943, 'Walk in ', 'na', '00000', 'Site', 'Basic', 'Wigo', '3pm', '02/07/2023', 'na', 'complete'),
(944, 'Delaine Ocampos ', 'na', '09569576602', 'Xoooom Site ', 'Premium', 'Cheverlet Sail', '3pm', '02/08/2023', 'Less 100', 'complete'),
(945, 'Francesca Tan', 'na', '0000', 'Site', 'ExpressInteriorDetailing', 'Tucson', '9am', '02/08/2023', 'Baklas 5000', 'complete'),
(946, 'December Bloom   ', 'na', '09171309300', 'Zolos apartment, tinago, ozamiz city', 'Premium', 'Toyota Raize', '9am', '02/10/2023', 'Be on time', 'complete'),
(947, 'Lenbergh Sabroso', 'na', '09461882694', 'Tinago', 'Premium', 'Hilux', '12pm', '02/11/2023', 'No less', 'complete'),
(948, 'Nasil Lao ', 'na', '09770815765', 'Xoooom Site ', 'ExpressInteriorDetailing', 'Pajero', '9am', '02/13/2023', 'Less 200', 'complete'),
(949, 'Ergerry Bunga', 'na', '09497618566', 'Xoooom Site ', 'ExpressInteriorDetailing', 'Mazda 3', '9am', '02/14/2023', 'Baklas ra 2,500 + interior carwash + sanitation + exterior wash', 'waiting'),
(950, 'Walk in ', 'na', '00000', 'Site', 'Premium', 'Vios', '9am', '02/12/2023', 'Na', 'complete'),
(951, 'Geoffrey ramos', 'Na', '000000', 'Tudela', 'Ultimate', 'FORD RANGER', '9am', '02/12/2023', 'NA', 'complete'),
(952, 'Geoffrey ramos', 'Na', '000000', 'Tudela', 'Ultimate', 'Fortuner', '9am', '02/12/2023', 'NA', 'complete'),
(953, 'Geoffrey dybongco', 'na', '00000', 'Tudela', 'Premium', 'Eon', '9am', '02/12/2023', 'NA', 'complete'),
(954, 'Ericson', 'NA', '0000000000', 'Site', 'ExpressInteriorDetailing', 'Adventure', '9am', '02/12/2023', 'Na', 'complete'),
(955, 'Walk in ', 'Na.', '000000000', 'Site ', 'ExpressInteriorDetailing', 'Ford ', '12pm', '02/12/2023', 'Na', 'complete');

-- --------------------------------------------------------

--
-- Table structure for table `job_list`
--

CREATE TABLE `job_list` (
  `job_id` int NOT NULL,
  `customer_id` int NOT NULL,
  `worker_name` varchar(50) NOT NULL
) ENGINE=InnoDB DEFAULT CHARSET=utf8mb4 COLLATE=utf8mb4_0900_ai_ci;

--
-- Dumping data for table `job_list`
--

INSERT INTO `job_list` (`job_id`, `customer_id`, `worker_name`) VALUES
(44, 83, '1'),
(45, 84, '1'),
(46, 85, '1'),
(47, 87, '1'),
(50, 86, '1'),
(65, 88, '1'),
(66, 89, '1'),
(68, 90, '1'),
(69, 95, '1'),
(71, 98, '1'),
(78, 92, '1'),
(79, 102, '1'),
(80, 100, '1'),
(81, 94, '1'),
(82, 104, '1'),
(83, 110, '1'),
(84, 111, '1'),
(85, 108, '1'),
(86, 105, '1'),
(87, 106, '1'),
(88, 109, '1'),
(89, 112, '1'),
(90, 113, '1'),
(91, 114, '1'),
(92, 107, '1'),
(93, 115, '1'),
(94, 116, '1'),
(95, 126, '1'),
(96, 136, '1'),
(97, 137, '1'),
(98, 142, '1'),
(99, 141, '1'),
(100, 140, '1'),
(101, 143, '1'),
(103, 145, '1'),
(104, 144, '1'),
(105, 146, '1'),
(106, 149, '1'),
(107, 150, '1'),
(110, 152, '1'),
(111, 153, '1'),
(113, 156, '1'),
(114, 154, '1'),
(118, 155, '1'),
(119, 147, '1'),
(120, 157, '1'),
(121, 151, '1'),
(122, 158, '1'),
(123, 159, '1'),
(124, 160, '1'),
(125, 162, '1'),
(126, 163, '1'),
(127, 164, '1'),
(128, 167, '1'),
(129, 167, '1'),
(130, 169, '1'),
(131, 166, '1'),
(133, 172, '1'),
(134, 168, '1'),
(135, 161, '1'),
(136, 174, '1'),
(137, 170, '1'),
(138, 171, '1'),
(139, 176, '1'),
(140, 177, '1'),
(141, 178, '1'),
(142, 179, '1'),
(143, 173, '1'),
(145, 180, '1'),
(146, 181, '1'),
(147, 183, '1'),
(148, 184, '1'),
(149, 185, '1'),
(150, 186, '1'),
(151, 187, '1'),
(152, 188, '1'),
(153, 189, '1'),
(154, 192, '1'),
(155, 194, '1'),
(156, 193, '1'),
(157, 191, '1'),
(158, 195, '1'),
(159, 202, '1'),
(160, 196, '1'),
(161, 197, '1'),
(162, 201, '1'),
(163, 204, '1'),
(164, 205, '1'),
(165, 206, '1'),
(166, 207, '1'),
(167, 203, '1'),
(168, 208, '1'),
(169, 209, '1'),
(170, 211, '1'),
(171, 212, '1'),
(172, 213, '1'),
(173, 214, '1'),
(174, 210, '1'),
(175, 216, '1'),
(176, 215, '1'),
(177, 217, '1'),
(178, 218, '1'),
(179, 220, '1'),
(180, 219, '1'),
(181, 223, '1'),
(182, 224, '1'),
(183, 225, '1'),
(184, 226, '1'),
(185, 227, '1'),
(186, 221, '1'),
(187, 222, '1'),
(188, 228, '1'),
(189, 229, '1'),
(190, 230, '1'),
(191, 234, '1'),
(192, 236, '1'),
(193, 235, '1'),
(194, 238, '1'),
(195, 239, '1'),
(196, 240, '1'),
(197, 241, '1'),
(198, 237, '1'),
(199, 242, '1'),
(200, 243, '1'),
(201, 244, '1'),
(203, 247, '1'),
(204, 248, '1'),
(205, 249, '1'),
(206, 251, '1'),
(207, 250, '1'),
(208, 252, '1'),
(209, 253, '1'),
(210, 246, '1'),
(211, 255, '1'),
(212, 256, '1'),
(213, 257, '1'),
(214, 258, '1'),
(215, 254, '1'),
(216, 260, '1'),
(217, 261, '1'),
(218, 263, '1'),
(219, 265, '1'),
(220, 266, '1'),
(221, 267, '1'),
(222, 268, '1'),
(223, 269, '1'),
(224, 271, '1'),
(225, 272, '1'),
(226, 270, '1'),
(227, 275, '1'),
(228, 274, '1'),
(229, 276, '1'),
(230, 277, '1'),
(231, 262, '1'),
(232, 273, '1'),
(234, 282, '1'),
(235, 283, '1'),
(236, 279, '1'),
(237, 280, '1'),
(238, 285, '1'),
(239, 286, '1'),
(240, 287, '1'),
(241, 288, '1'),
(242, 290, '1'),
(243, 291, '1'),
(244, 295, '1'),
(245, 296, '1'),
(246, 297, '1'),
(247, 298, '1'),
(248, 300, '1'),
(249, 301, '1'),
(250, 299, '1'),
(251, 302, '1'),
(252, 303, '1'),
(253, 305, '1'),
(254, 306, '1'),
(256, 308, '1'),
(257, 292, '1'),
(258, 293, '1'),
(259, 294, '1'),
(260, 307, '1'),
(261, 309, '1'),
(263, 310, '1'),
(265, 311, '1'),
(266, 304, '1'),
(267, 319, '1'),
(268, 323, '1'),
(269, 325, '1'),
(273, 312, '1'),
(276, 327, '1'),
(277, 328, '1'),
(278, 320, '1'),
(280, 318, '1'),
(281, 336, '1'),
(282, 335, '1'),
(283, 324, '1'),
(284, 314, '1'),
(285, 315, '1'),
(286, 321, '1'),
(287, 337, '1'),
(288, 338, '1'),
(289, 340, '1'),
(290, 342, '1'),
(291, 341, '1'),
(292, 313, '1'),
(293, 316, '1'),
(294, 339, '1'),
(295, 317, '1'),
(296, 345, '1'),
(297, 347, '1'),
(298, 346, '1'),
(299, 348, '1'),
(300, 349, '1'),
(301, 350, '1'),
(302, 351, '1'),
(303, 344, '1'),
(304, 353, '1'),
(305, 343, '1'),
(306, 357, '1'),
(307, 356, '1'),
(309, 354, '1'),
(310, 358, '1'),
(311, 359, '1'),
(312, 363, '1'),
(313, 366, '1'),
(314, 367, '1'),
(315, 368, '1'),
(316, 369, '1'),
(317, 370, '1'),
(318, 371, '1'),
(319, 372, '1'),
(320, 373, '1'),
(321, 374, '1'),
(322, 375, '1'),
(323, 376, '1'),
(324, 378, '1'),
(325, 379, '1'),
(326, 355, '1'),
(327, 380, '1'),
(328, 381, '1'),
(329, 386, '1'),
(330, 387, '1'),
(331, 388, '1'),
(332, 385, '1'),
(333, 382, '1'),
(334, 384, '1'),
(335, 389, '1'),
(336, 391, '1'),
(337, 390, '1'),
(338, 395, '1'),
(342, 394, '1'),
(343, 393, '1'),
(344, 392, '1'),
(345, 400, '1'),
(346, 396, '1'),
(347, 399, '1'),
(349, 401, '1'),
(350, 398, '1'),
(351, 402, '1'),
(352, 403, '1'),
(353, 406, '1'),
(354, 405, '1'),
(355, 408, '1'),
(356, 409, '1'),
(357, 407, '1'),
(360, 383, '1'),
(361, 411, '1'),
(362, 410, '1'),
(363, 412, '1'),
(364, 414, '1'),
(365, 417, '1'),
(367, 419, '1'),
(368, 416, '1'),
(369, 404, '1'),
(370, 415, '1'),
(371, 422, '1'),
(373, 413, '1'),
(374, 420, '1'),
(375, 418, '1'),
(376, 425, '1'),
(377, 426, '1'),
(378, 427, '1'),
(379, 428, '1'),
(380, 429, '1'),
(381, 431, '1'),
(382, 435, '1'),
(384, 432, '1'),
(385, 436, '1'),
(386, 433, '1'),
(387, 434, '1'),
(388, 437, '1'),
(389, 438, '1'),
(390, 440, '1'),
(391, 439, '1'),
(392, 441, '1'),
(393, 445, '1'),
(394, 444, '1'),
(395, 446, '1'),
(396, 443, '1'),
(397, 449, '1'),
(398, 452, '1'),
(399, 447, '1'),
(400, 450, '1'),
(401, 442, '1'),
(402, 457, '1'),
(403, 454, '1'),
(404, 455, '1'),
(405, 458, '1'),
(406, 453, '1'),
(407, 456, '1'),
(408, 459, '1'),
(409, 460, '1'),
(410, 461, '1'),
(411, 462, '1'),
(413, 463, '1'),
(414, 466, '1'),
(415, 424, '1'),
(416, 464, '1'),
(417, 465, '1'),
(418, 468, '1'),
(419, 470, '1'),
(420, 469, '1'),
(421, 471, '1'),
(422, 423, '1'),
(423, 472, '1'),
(424, 475, '1'),
(425, 474, '1'),
(426, 476, '1'),
(427, 473, '1'),
(428, 479, '1'),
(429, 481, '1'),
(431, 477, '1'),
(432, 480, '1'),
(433, 482, '1'),
(434, 483, '1'),
(435, 488, '1'),
(436, 490, '1'),
(437, 487, '1'),
(438, 491, '1'),
(439, 485, '1'),
(440, 486, '1'),
(441, 489, '1'),
(442, 484, '1'),
(443, 492, '1'),
(444, 493, '1'),
(445, 500, '1'),
(446, 495, '1'),
(447, 496, '1'),
(448, 498, '1'),
(449, 504, '1'),
(450, 510, '1'),
(451, 511, '1'),
(452, 512, '1'),
(453, 509, '1'),
(454, 514, '1'),
(455, 508, '1'),
(456, 499, '1'),
(457, 515, '1'),
(458, 516, '1'),
(459, 501, '1'),
(460, 518, '1'),
(461, 520, '1'),
(462, 517, '1'),
(463, 519, '1'),
(464, 502, '1'),
(465, 521, '1'),
(466, 507, '1'),
(467, 524, '1'),
(468, 503, '1'),
(469, 506, '1'),
(470, 522, '1'),
(471, 526, '1'),
(472, 527, '1'),
(474, 529, '1'),
(475, 531, '1'),
(476, 533, '1'),
(477, 530, '1'),
(478, 525, '1'),
(479, 528, '1'),
(480, 534, '1'),
(481, 535, '1'),
(482, 536, '1'),
(483, 497, '1'),
(484, 537, '1'),
(485, 542, '1'),
(486, 538, '1'),
(488, 543, '1'),
(489, 547, '1'),
(490, 539, '1'),
(491, 540, '1'),
(492, 541, '1'),
(493, 544, '1'),
(494, 546, '1'),
(495, 548, '1'),
(496, 550, '1'),
(497, 549, '1'),
(498, 551, '1'),
(499, 552, '1'),
(500, 553, '1'),
(501, 554, '1'),
(502, 556, '1'),
(503, 558, '1'),
(504, 562, '1'),
(505, 557, '1'),
(506, 560, '1'),
(507, 555, '1'),
(508, 561, '1'),
(509, 567, '1'),
(510, 559, '1'),
(511, 568, '1'),
(512, 571, '1'),
(513, 570, '1'),
(514, 574, '1'),
(515, 566, '1'),
(516, 575, '1'),
(517, 576, '1'),
(518, 578, '1'),
(519, 577, '1'),
(520, 579, '1'),
(521, 582, '1'),
(522, 583, '1'),
(523, 581, '1'),
(524, 572, '1'),
(525, 587, '1'),
(526, 590, '1'),
(527, 591, '1'),
(528, 592, '1'),
(529, 593, '1'),
(530, 589, '1'),
(533, 595, '1'),
(534, 596, '1'),
(535, 588, '1'),
(536, 597, '1'),
(537, 594, '1'),
(538, 598, '1'),
(539, 601, '1'),
(540, 602, '1'),
(541, 599, '1'),
(542, 603, '1'),
(543, 604, '1'),
(544, 606, '1'),
(545, 609, '1'),
(546, 607, '1'),
(547, 608, '1'),
(548, 612, '1'),
(549, 610, '1'),
(550, 615, '1'),
(551, 616, '1'),
(552, 617, '1'),
(553, 618, '1'),
(554, 620, '1'),
(555, 614, '1'),
(556, 621, '1'),
(557, 622, '1'),
(558, 623, '1'),
(559, 580, '1'),
(560, 613, '1'),
(561, 624, '1'),
(562, 625, '1'),
(563, 625, '1'),
(564, 627, '1'),
(565, 628, '1'),
(566, 629, '1'),
(567, 630, '1'),
(568, 640, '1'),
(569, 642, '1'),
(570, 643, '1'),
(571, 645, '1'),
(572, 646, '1'),
(573, 649, '1'),
(574, 650, '1'),
(575, 651, '1'),
(576, 652, '1'),
(577, 654, '1'),
(578, 653, '1'),
(579, 655, '1'),
(580, 656, '1'),
(581, 647, '1'),
(582, 648, '1'),
(583, 641, '1'),
(584, 658, '1'),
(585, 659, '1'),
(586, 660, '1'),
(587, 661, '1'),
(588, 663, '1'),
(589, 662, '1'),
(591, 664, '1'),
(592, 573, '1'),
(594, 665, '1'),
(595, 667, '1'),
(596, 666, '1'),
(597, 668, '1'),
(598, 670, '1'),
(599, 672, '1'),
(600, 671, '1'),
(601, 669, '1'),
(602, 673, '1'),
(603, 674, '1'),
(604, 675, '1'),
(605, 676, '1'),
(606, 678, '1'),
(607, 677, '1'),
(608, 679, '1'),
(609, 680, '1'),
(610, 681, '1'),
(611, 682, '1'),
(612, 683, '1'),
(613, 684, '1'),
(614, 685, '1'),
(615, 686, '1'),
(616, 687, '1'),
(617, 688, '1'),
(618, 689, '1'),
(619, 691, '1'),
(620, 692, '1'),
(621, 694, '1'),
(622, 695, '1'),
(624, 696, '1'),
(625, 697, '1'),
(626, 698, '1'),
(627, 699, '1'),
(629, 700, '1'),
(630, 693, '1'),
(631, 701, '1'),
(632, 702, '1'),
(633, 704, '1'),
(634, 705, '1'),
(636, 706, '1'),
(637, 703, '1'),
(638, 707, '1'),
(639, 708, '1'),
(640, 709, '1'),
(641, 713, '1'),
(642, 714, '1'),
(643, 715, '1'),
(644, 710, '1'),
(645, 711, '1'),
(646, 712, '1'),
(647, 716, '1'),
(649, 717, '1'),
(650, 719, '1'),
(651, 720, '1'),
(652, 721, '1'),
(653, 722, '1'),
(654, 723, '1'),
(655, 724, '1'),
(657, 725, '1'),
(658, 726, '1'),
(659, 727, '1'),
(660, 728, '1'),
(661, 729, '1'),
(662, 730, '1'),
(663, 732, '1'),
(664, 731, '1'),
(665, 734, '1'),
(666, 733, '1'),
(667, 735, '1'),
(668, 736, '1'),
(669, 737, '1'),
(670, 739, '1'),
(671, 738, '1'),
(672, 740, '1'),
(673, 741, '1'),
(674, 744, '1'),
(675, 745, '1'),
(676, 746, '1'),
(677, 747, '1'),
(678, 748, '1'),
(679, 751, '1'),
(680, 753, '1'),
(681, 749, '1'),
(682, 755, '1'),
(683, 750, '1'),
(684, 758, '1'),
(685, 757, '1'),
(686, 756, '1'),
(687, 759, '1'),
(688, 760, '1'),
(689, 761, '1'),
(690, 762, '1'),
(691, 763, '1'),
(692, 764, '1'),
(693, 765, '1'),
(694, 767, '1'),
(695, 752, '1'),
(696, 768, '1'),
(697, 769, '1'),
(698, 766, '1'),
(699, 770, '1'),
(700, 772, '1'),
(701, 773, '1'),
(702, 774, '1'),
(703, 771, '1'),
(704, 775, '1'),
(705, 776, '1'),
(706, 777, '1'),
(707, 778, '1'),
(708, 779, '1'),
(709, 780, '1'),
(710, 781, '1'),
(711, 785, '1'),
(712, 783, '1'),
(713, 787, '1'),
(714, 788, '1'),
(715, 789, '1'),
(716, 791, '1'),
(717, 790, '1'),
(718, 792, '1'),
(719, 793, '1'),
(720, 795, '1'),
(721, 796, '1'),
(722, 797, '1'),
(723, 784, '1'),
(724, 794, '1'),
(725, 786, '1'),
(726, 799, '1'),
(727, 800, '1'),
(728, 801, '1'),
(729, 802, '1'),
(730, 803, '1'),
(731, 804, '1'),
(732, 805, '1'),
(733, 806, '1'),
(734, 807, '1'),
(735, 808, '1'),
(736, 809, '1'),
(737, 813, '1'),
(738, 812, '1'),
(739, 814, '1'),
(740, 815, '1'),
(741, 816, '1'),
(742, 810, '1'),
(743, 817, '1'),
(744, 820, '1'),
(745, 818, '1'),
(746, 821, '1'),
(747, 811, '1'),
(748, 819, '1'),
(749, 822, '1'),
(750, 824, '1'),
(751, 823, '1'),
(752, 831, '1'),
(753, 830, '1'),
(754, 829, '1'),
(755, 825, '1'),
(756, 828, '1'),
(757, 834, '1'),
(758, 840, '1'),
(759, 837, '1'),
(760, 841, '1'),
(761, 835, '1'),
(762, 839, '1'),
(763, 849, '1'),
(764, 845, '1'),
(765, 848, '1'),
(766, 846, '1'),
(767, 844, '1'),
(768, 850, '1'),
(769, 833, '1'),
(770, 838, '1'),
(771, 857, '1'),
(772, 827, '1'),
(773, 861, '1'),
(774, 836, '1'),
(775, 843, '1'),
(776, 851, '1'),
(777, 852, '1'),
(778, 863, '1'),
(779, 858, '1'),
(780, 847, '1'),
(781, 842, '1'),
(782, 853, '1'),
(783, 864, '1'),
(784, 865, '1'),
(785, 866, '1'),
(786, 867, '1'),
(787, 826, '1'),
(788, 855, '1'),
(789, 870, '1'),
(790, 871, '1'),
(791, 872, '1'),
(792, 873, '1'),
(793, 874, '1'),
(794, 877, '1'),
(795, 876, '1'),
(796, 878, '1'),
(797, 860, '1'),
(798, 882, '1'),
(799, 868, '1'),
(800, 869, '1'),
(801, 879, '1'),
(802, 875, '1'),
(803, 884, '1'),
(804, 885, '1'),
(805, 886, '1'),
(806, 881, '1'),
(807, 889, '1'),
(808, 890, '1'),
(809, 891, '1'),
(810, 892, '1'),
(811, 883, '1'),
(812, 894, '1'),
(813, 895, '1'),
(814, 888, '1'),
(815, 899, '1'),
(816, 896, '1'),
(817, 902, '1'),
(818, 900, '1'),
(819, 880, '1'),
(820, 907, '1'),
(821, 903, '1'),
(822, 904, '1'),
(823, 908, '1'),
(824, 910, '1'),
(825, 901, '1'),
(826, 893, '1'),
(827, 898, '1'),
(828, 909, '1'),
(829, 911, '1'),
(830, 912, '1'),
(831, 913, '1'),
(832, 905, '1'),
(833, 906, '1'),
(834, 914, '1'),
(835, 915, '1'),
(836, 916, '1'),
(837, 919, '1'),
(838, 920, '1'),
(839, 921, '1'),
(840, 923, '1'),
(841, 924, '1'),
(842, 927, '1'),
(843, 925, '1'),
(844, 926, '1'),
(845, 929, '1'),
(846, 930, '1'),
(847, 931, '1'),
(848, 917, '1'),
(849, 932, '1'),
(851, 935, '1'),
(852, 936, '1'),
(853, 937, '1'),
(854, 940, '1'),
(855, 918, '1'),
(856, 941, '1'),
(857, 943, '1'),
(858, 933, '1'),
(860, 944, '1'),
(861, 945, '1'),
(862, 946, '1'),
(863, 947, '1'),
(864, 938, '1'),
(865, 939, '1'),
(866, 922, '1'),
(867, 950, '1'),
(868, 952, '1'),
(869, 953, '1'),
(870, 951, '1'),
(871, 954, '1'),
(872, 955, '1'),
(873, 948, '1');

-- --------------------------------------------------------

--
-- Table structure for table `product_commissions`
--

CREATE TABLE `product_commissions` (
  `product_commission_id` int NOT NULL,
  `date` varchar(30) NOT NULL,
  `personnel` varchar(50) NOT NULL,
  `note` varchar(250) NOT NULL,
  `customer_name` varchar(80) NOT NULL,
  `discount_percentage` varchar(50) NOT NULL,
  `promo_code` varchar(50) DEFAULT NULL,
  `product_manager_discount` int DEFAULT '0',
  `reason_promo` varchar(500) DEFAULT NULL,
  `discount_value` varchar(50) NOT NULL,
  `vat` varchar(50) NOT NULL,
  `total` varchar(250) NOT NULL,
  `cust_id` int NOT NULL,
  `customer_contact_number` varchar(11) NOT NULL
) ENGINE=InnoDB DEFAULT CHARSET=utf8mb4 COLLATE=utf8mb4_0900_ai_ci;

--
-- Dumping data for table `product_commissions`
--

INSERT INTO `product_commissions` (`product_commission_id`, `date`, `personnel`, `note`, `customer_name`, `discount_percentage`, `promo_code`, `product_manager_discount`, `reason_promo`, `discount_value`, `vat`, `total`, `cust_id`, `customer_contact_number`) VALUES
(1, '07/15/2021', 'Rodel Macas', 'sad', 'dave', '20', 'asd', 0, 'sd', 'none', 'none', '500', 45, '09225847075'),
(82, '10/03/2021', 'Rodel Macas', 'Test', 'Test', 'none', 'none', 0, 'none', '0', '0', '499', 217, '123'),
(83, '10/03/2021', 'Rodel Macas', 'N/a', 'Test_Case2', 'ten', 'none', 0, 'Neighbor discount', '50', '0', '449', 218, '01023302203'),
(84, '11/05/2021', 'Ruben Macas Jr', 'Buy 2 take 1 nabayad sa cust Kay 1,198 only.', 'Alvin Cabual', 'twenty', 'none', 0, 'none', '300', '0', '1197', 0, '09292254144'),
(85, '11/07/2021', 'Ruben Macas Jr', 'Watermark Remover', 'Rosalyn Abangan', 'none', 'none', 0, 'none', '0', '0', '299', 246, '09219799529'),
(86, '11/08/2021', 'Michelle Bontong', 'N/A', 'Jonald', 'none', 'none', 0, 'none', '0', '0', '499', 0, '09265376104'),
(87, '11/08/2021', 'Michelle Bontong', 'N/A', 'Maria Benitez ', 'none', 'none', 0, 'none', '0', '0', '499', 0, '09462887096'),
(88, '11/08/2021', 'Michelle Bontong', 'Buy 2 take 1 Promo', 'Taga Jeminez', 'twenty', 'none', 0, 'none', '300', '0', '1197', 0, '09189340393'),
(89, '11/09/2021', 'Michelle Bontong', 'FREE 1 BOTTLE', 'Mayor Rose Dahab', 'none', 'none', 0, 'none', '0', '0', '1895', 0, '09399102938'),
(90, '11/09/2021', 'Michelle Bontong', 'The free 1  bottle', 'Mayor Rose Dahab', 'fifty', 'none', 0, 'Free', '250', '0', '249', 0, '09399102938'),
(91, '11/16/2021', 'Michelle Bontong', 'Na', 'Jomar Cabural', 'none', 'none', 0, 'Promo', '0', '0', '499', 0, '09394505486'),
(92, '11/16/2021', 'Michelle Bontong', 'Na', 'Amalia Manaloto', 'none', 'none', 0, 'none', '0', '0', '299', 0, '09286762704'),
(93, '11/17/2021', 'Rodel Macas', 'PROMO', 'Geoffrey Dybongco', 'twenty', 'none', 0, 'Buy 2 take 1 less 20%', '300', '0', '1197', 0, '09994271250'),
(94, '11/20/2021', 'Rodel Macas', 'Na', 'Miracle G. Cabal', 'none', 'none', 0, 'none', '0', '0', '299', 269, '09499910959'),
(97, '12/13/2021', 'Ruben Macas Jr', 'Pay for the cust is 549 for 3 cleaning wax 500ml each. ', 'Jerald Yting', 'sixty', 'none', 0, 'Managers discount', '899', '0', '598', 0, '09611257797'),
(98, '12/22/2021', 'Ruben Macas Jr', '1 wax 599 less 10% so 539 ang nabayad', 'Grace Saberon', 'none', 'none', 0, 'none', '0', '0', '499', 0, '09501042584'),
(99, '12/29/2021', 'Ruben Macas Jr', 'Buy', 'carmelito c campomanes', 'none', 'none', 0, 'none', '0', '0', '299', 302, '09292391249'),
(100, '12/31/2021', 'Ruben Macas Jr', 'Plus 50 sa micro fiber ', 'Choco Martin', 'ten', 'none', 0, 'promo', '50', '0', '449', 0, '09465054886'),
(101, '01/02/2022', 'Ruben Macas Jr', '599-10% = 539 total ', 'Jobelle Macamay ', 'ten', 'none', 0, 'Promo', '50', '0', '449', 0, '09503003003'),
(102, '01/03/2022', 'Ruben Macas Jr', '2 wax Total = 1178 ', 'edilyn p maliao', 'twenty', 'none', 0, 'Promo', '300', '0', '1197', 0, '09667584034'),
(103, '01/05/2022', 'Ruben Macas Jr', '1 wax 599-10% = 539 + 150 shipping fee = Total of 689 Pesos', 'Blesilo Calabog', 'thirty', 'none', 0, '10% Promo', '300', '0', '698', 0, '09093538312'),
(104, '01/04/2022', 'Ruben Macas Jr', '1 wax 599 - 10% discount = 539 + 150 travel fee , Total of 689 ', 'Blesilo Calabog', 'thirty', 'none', 0, 'Promo', '300', '0', '698', 0, '09093538312'),
(105, '02/03/2022', 'Ruben Macas Jr', 'na', 'Na', 'none', 'none', 0, 'none', '0', '0', '299', 0, '0000'),
(106, '02/18/2022', 'Ruben Macas Jr', 'RJ - JL', 'Nelford Tumala', 'none', 'none', 0, 'none', '0', '0', '299', 369, '09304610066'),
(107, '03/25/2022', 'Ruben Macas Jr', 'None', 'Eldilyn Mae Sitoy ', 'ten', 'none', 0, 'Promo ', '60', '0', '539', 0, '09177691901'),
(108, '04/12/2022', 'JL Paredes', 'Add On UV', 'ian telo', 'none', 'none', 0, 'none', '0', '0', '100', 426, '09173019785'),
(110, '04/19/2022', 'Admin', 'Fogging and UV', 'Jaynar', 'none', 'none', 0, 'none', '0', '0', '250', 0, '09691935850'),
(111, '04/21/2022', 'JL Paredes', 'UV', 'Naomi ciniza', 'none', 'none', 0, 'none', '0', '0', '100', 0, '09287902711'),
(112, '06/20/2022', 'Ruben Macas Jr', 'Wax 499 + Tire Cream 299 = Total of 798', 'Roseland Baron', 'none', 'none', 0, 'Wax 499 - Tire Cream 299 = Total of 798', '0', '0', '798', 0, '00000'),
(113, '07/02/2022', 'Ruben & Justine', 'Na', 'Resel Caga anan ', 'none', 'none', 0, 'none', '0', '0', '299', 0, '0000'),
(114, '07/23/2022', 'Piolo Gabriel Rubio', '-100', 'Dudz', 'none', 'none', 0, 'none', '0', '0', '0', 589, '09158977221'),
(115, '10/29/2022', 'Ruben Macas Jr', 'Na', 'Jimenez', 'none', 'none', 0, 'none', '0', '0', '299', 744, '09688583347'),
(117, '01/12/2023', 'Ruben Macas Jr', 'Na', 'Pintacasi', 'none', 'none', 0, 'none', '0', '0', '299', 0, '00000'),
(118, '01/23/2023', 'Ruben Macas Jr', 'Na', 'Merry Jovel ', 'none', 'none', 0, 'none', '0', '0', '299', 0, '00000');

-- --------------------------------------------------------

--
-- Table structure for table `product_item_orders`
--

CREATE TABLE `product_item_orders` (
  `product_item_order_id` int NOT NULL,
  `product_commission_id` int NOT NULL,
  `product_name` varchar(50) NOT NULL,
  `quantity` int NOT NULL,
  `subtotal` varchar(50) NOT NULL
) ENGINE=InnoDB DEFAULT CHARSET=utf8mb4 COLLATE=utf8mb4_0900_ai_ci;

--
-- Dumping data for table `product_item_orders`
--

INSERT INTO `product_item_orders` (`product_item_order_id`, `product_commission_id`, `product_name`, `quantity`, `subtotal`) VALUES
(1, 1, 'Wax', 1, '200'),
(2, 1, 'Engine Shine', 1, '300'),
(7, 82, 'Wax', 1, '499'),
(10, 83, 'Wax', 1, '499'),
(11, 84, 'Wax', 1, '499'),
(12, 84, 'Engine Shine', 1, '499'),
(13, 84, 'Engine Degreaser', 1, '499'),
(14, 85, 'Watermarks Remover', 1, '299'),
(15, 86, 'Wax', 1, '499'),
(16, 87, 'Wax', 1, '499'),
(17, 88, 'Wax', 3, '1497'),
(18, 89, 'Wax', 2, '998'),
(19, 89, 'Watermarks Remover', 3, '897'),
(20, 90, 'Wax', 1, '499'),
(21, 91, 'Wax', 1, '499'),
(22, 92, 'Watermarks Remover', 1, '299'),
(23, 93, 'Wax', 3, '1497'),
(24, 94, 'Watermarks Remover', 1, '299'),
(27, 97, 'Wax', 3, '1497'),
(28, 98, 'Wax', 1, '499'),
(29, 99, 'Watermarks Remover', 1, '299'),
(30, 100, 'Wax', 1, '499'),
(31, 101, 'Wax', 1, '499'),
(32, 102, 'Wax', 3, '1497'),
(33, 103, 'Wax', 2, '998'),
(34, 104, 'Wax', 2, '998'),
(35, 105, 'Watermarks Remover', 1, '299'),
(36, 106, 'Freshener', 1, '299'),
(37, 107, 'Wax', 1, '599'),
(38, 108, 'Others', 1, '100'),
(40, 107, 'Others', 1, '250'),
(41, 107, 'Others', 1, '250'),
(42, 110, 'Others', 1, '250'),
(43, 111, 'Others', 1, '100'),
(50, 112, 'Wax', 1, '599'),
(51, 112, 'Others', 1, '199'),
(52, 113, 'Freshener', 1, '299'),
(53, 115, 'Freshener', 1, '299'),
(55, 117, 'Watermarks Remover', 1, '299'),
(56, 118, 'Watermarks Remover', 1, '299');

-- --------------------------------------------------------

--
-- Table structure for table `service_commissions`
--

CREATE TABLE `service_commissions` (
  `commission_id` int NOT NULL,
  `cust_id` varchar(10) CHARACTER SET utf8mb4 COLLATE utf8mb4_0900_ai_ci NOT NULL,
  `date` varchar(30) NOT NULL,
  `personnel` varchar(50) NOT NULL,
  `partner` varchar(50) NOT NULL,
  `size` varchar(50) CHARACTER SET utf8mb4 COLLATE utf8mb4_0900_ai_ci NOT NULL,
  `type` varchar(50) NOT NULL,
  `plate` varchar(50) CHARACTER SET utf8mb4 COLLATE utf8mb4_0900_ai_ci NOT NULL,
  `time` varchar(50) NOT NULL,
  `discount` varchar(10) NOT NULL,
  `service_manager_discount` int DEFAULT '0',
  `promo_code` varchar(50) DEFAULT NULL,
  `discount_notes` varchar(250) NOT NULL,
  `additional_charge_type` varchar(250) CHARACTER SET utf8mb4 COLLATE utf8mb4_0900_ai_ci NOT NULL,
  `additional_notes` varchar(250) CHARACTER SET utf8mb4 COLLATE utf8mb4_0900_ai_ci NOT NULL,
  `discount_amount` int NOT NULL,
  `others_amount` int NOT NULL,
  `edit_logs` varchar(250) NOT NULL,
  `vat` int NOT NULL,
  `total` int NOT NULL
) ENGINE=InnoDB DEFAULT CHARSET=utf8mb4 COLLATE=utf8mb4_0900_ai_ci;

--
-- Dumping data for table `service_commissions`
--

INSERT INTO `service_commissions` (`commission_id`, `cust_id`, `date`, `personnel`, `partner`, `size`, `type`, `plate`, `time`, `discount`, `service_manager_discount`, `promo_code`, `discount_notes`, `additional_charge_type`, `additional_notes`, `discount_amount`, `others_amount`, `edit_logs`, `vat`, `total`) VALUES
(19, '84', '07/15/2021', 'Rodel Macas', 'Jeck Sila', 'Large', 'Ultimate', 'Gdhsgs', '3pm', 'ten', 0, 'none', 'Promo Code', 'none', '', -85, 0, 'Worker-1 ( 07-15-2021 | 08:32:56 PM ) ', 0, 765),
(20, '85', '07/15/2021', 'Jeck Sila', 'none', 'Large', 'Ultimate', 'AAA-456', '12pm', 'twenty', 0, 'none', 'Promo code', 'others', 'Windshield Cleaning', -170, 1000, 'Worker-1 ( 07-15-2021 | 08:57:44 PM ) ', 0, 1680),
(21, '87', '07/15/2021', 'Rodel Macas', 'none', 'Extra Large', 'Ultimate', 'GGG-124', '9am', 'twenty', 0, 'none', 'Promo', ' others', 'Travel Charge', -200, 100, 'none', 0, 900),
(22, '86', '07/16/2021', 'Rodel Macas', 'none', 'Medium', 'Basic', 'Hdhss', '9am', 'none', 0, 'none', 'none', ' none', 'none', 0, 0, 'none', 0, 300),
(36, '88', '07/16/2021', 'Jeck Sila', 'Rodel Macas', 'Small', 'Basic', 'Hshshsy', '9am', 'none', 0, 'none', '', 'others', '', 0, 0, 'Worker-1 ( 07-16-2021 | 04:10:30 PM ) ', 0, 280),
(37, '89', '07/16/2021', 'Rodel Macas', 'Jeck Sila', 'Medium', 'Ultimate', 'Test-12', '12pm', 'twenty', 0, 'none', 'Promo discount', 'none', '', -140, 0, 'Worker-1 ( 07-16-2021 | 11:05:57 PM ) ', 0, 560),
(38, '95', '07/21/2021', 'Rodel Macas', 'Jeck Sila', 'Medium', 'Ultimate', 'Abc123', '12pm', 'none', 0, 'none', 'none', ' others', 'Travel', 0, 100, 'none', 0, 800),
(39, '98', '07/23/2021', 'Rodel Macas', 'Jeck Sila', 'Large', 'Ultimate', 'Abc 123', '9am', 'none', 0, 'none', 'reason', 'none', 'Clarin', 0, 0, 'Worker-1 ( 07-23-2021 | 03:45:42 PM ) ', 0, 850),
(40, '102', '07/23/2021', 'Jeck Sila', 'Rodel Macas', 'Extra Large', 'Ultimate', 'Fdgc333', '12pm', 'none', 0, 'none', 'none', ' none', 'none', 0, 0, 'none', 0, 1000),
(41, '100', '07/24/2021', 'Rodel Macas', 'Jeck Sila', 'Large', 'Ultimate', 'AAS1387', '9am', 'none', 0, 'none', 'none', ' none', 'none', 0, 0, 'none', 0, 850),
(42, '94', '07/26/2021', 'Rodel Macas', 'Jeck Sila', 'Large', 'Ultimate', 'KAD6973', '9am', 'none', 0, 'none', 'none', ' none', 'none', 0, 0, 'none', 0, 850),
(43, '104', '07/28/2021', 'Rodel Macas', 'Jeck Sila', 'Large', 'Premium', 'F1y574', '9am', 'none', 0, 'none', 'none', ' none', 'none', 0, 0, 'none', 0, 600),
(44, '110', '07/30/2021', 'Rodel Macas', 'Michelle Bontong', 'Large', 'Ultimate', 'na', '9am', 'none', 0, 'none', 'none', ' none', 'none', 0, 0, 'none', 0, 850),
(45, '108', '07/31/2021', 'Rodel Macas', 'Jeck Sila', 'Small', 'Premium', 'KAI 7904', '9am', 'none', 0, 'none', 'none', ' none', 'none', 0, 0, 'none', 0, 460),
(46, '111', '07/31/2021', 'Jeck Sila', 'Rodel Macas', 'Large', 'Premium', 'KAD ', '3pm', 'none', 0, 'none', 'none', ' none', 'none', 0, 0, 'none', 0, 600),
(47, '109', '08/01/2021', 'Rodel Macas', 'Jeck Sila', 'Extra Large', 'Premium', 'KCE 178', '3pm', 'none', 0, 'none', '', 'others', 'none', 0, 850, 'Worker-1 ( 08-01-2021 | 04:56:05 PM ) ', 0, 1550),
(48, '112', '08/01/2021', 'Rodel Macas', 'Jeck Sila', 'Large', 'Ultimate', 'ZAB 7060', '12pm', 'twenty', 0, 'none', 'Appeaseme', ' none', 'none', -170, 0, 'none', 0, 680),
(49, '113', '08/02/2021', 'Rodel Macas', 'Jeck Sila', 'Medium', 'Ultimate', 'GAO8183', '12pm', 'none', 0, 'none', 'none', ' none', 'none', 0, 0, 'none', 0, 700),
(50, '114', '08/02/2021', 'Jeck Sila', 'Rodel Macas', 'Small', 'Premium', 'KAD', '9am', 'none', 0, 'none', 'none', ' none', 'none', 0, 0, 'none', 0, 460),
(51, '107', '08/04/2021', 'Rodel Macas', 'none', 'Large', 'Premium', 'GED 9903', '9am', 'none', 0, 'none', 'none', ' none', 'none', 0, 0, 'none', 0, 600),
(52, '115', '08/06/2021', 'Jeck Sila', 'Rodel Macas', 'Large', 'Ultimate', 'ABC2526', '9am', 'none', 0, 'none', '', 'none', 'none', 0, 0, 'Worker-1 ( 08-06-2021 | 11:20:13 AM ) ', 0, 850),
(53, '116', '08/06/2021', 'Jeck Sila', 'Rodel Macas', 'Medium', 'Premium', '080109', '3pm', 'none', 0, 'none', 'none', ' none', 'none', 0, 0, 'none', 0, 500),
(54, '126', '08/07/2021', 'Rodel Macas', 'Jeck Sila', 'Small', 'Ultimate', 'J450', '12pm', 'twenty', 0, 'none', 'Brother of sir vin', ' none', 'none', -128, 0, 'none', 0, 512),
(55, '136', '08/10/2021', 'Rodel Macas', 'Michelle Bontong', 'Medium', 'Ultimate', 'F4 F308', '9am', 'none', 0, 'none', 'none', ' others', 'Service charge', 0, 150, 'none', 0, 850),
(56, '137', '08/10/2021', 'Rodel Macas', 'Michelle Bontong', 'Large', 'Ultimate', 'KAC 2789', '3pm', 'none', 0, 'none', 'none', ' none', 'none', 0, 0, 'none', 0, 850),
(57, '142', '08/11/2021', 'Rodel Macas', 'none', 'Medium', 'Ultimate', 'MEZ 288', '9am', 'none', 0, 'none', '', 'others', 'Travel charge', 0, 150, 'Worker-1 ( 08-11-2021 | 04:31:21 PM ) ', 0, 850),
(58, '141', '08/11/2021', 'Rodel Macas', 'none', 'Large', 'Ultimate', 'KAA 4025', '3pm', 'none', 0, 'none', '', 'others', 'Travel charge', 0, 150, 'Worker-1 ( 08-11-2021 | 05:02:50 PM ) ', 0, 1000),
(59, '140', '08/12/2021', 'Rodel Macas', 'none', 'Large', 'Ultimate', 'KAD 8702', '9am', 'none', 0, 'none', 'none', ' none', 'none', 0, 0, 'none', 0, 850),
(60, '143', '08/12/2021', 'Rodel Macas', 'none', 'Small', 'Premium', 'NA', '3pm', 'none', 0, 'none', 'none', ' none', 'none', 0, 0, 'none', 0, 460),
(61, '145', '08/12/2021', 'Rodel Macas', 'none', 'Medium', 'Premium', 'Na', '12pm', 'twenty', 0, 'none', 'Nag chat na daw xa na naa xa discount', ' none', 'none', -100, 0, 'none', 0, 400),
(62, '146', '08/16/2021', 'Rodel Macas', 'none', 'Medium', 'Premium', 'KFK 620', '9am', 'none', 0, 'none', 'none', ' none', 'none', 0, 0, 'none', 0, 500),
(63, '149', '08/18/2021', 'Rodel Macas', 'none', 'Large', 'Ultimate', 'Zes 729', '9am', 'none', 0, 'none', 'none', ' none', 'none', 0, 0, 'none', 0, 850),
(64, '150', '08/18/2021', 'Rodel Macas', 'none', 'Large', 'Premium', 'KAG-5945', '3pm', 'none', 0, 'none', 'none', ' none', 'none', 0, 0, 'none', 0, 600),
(65, '152', '08/19/2021', 'Rodel Macas', 'none', 'Large', 'Premium', 'KAA 2961', '9am', 'none', 0, 'none', 'none', ' none', 'none', 0, 0, 'none', 0, 600),
(66, '153', '08/19/2021', 'Rodel Macas', 'none', 'Large', 'Ultimate', 'AAR-9138', '3pm', 'none', 0, 'none', 'none', ' none', 'none', 0, 0, 'none', 0, 850),
(67, '156', '08/20/2021', 'Rodel Macas', 'none', 'Small', 'Ultimate', 'KDO-7977', '9am', 'none', 0, 'none', '', 'none', 'none', 0, 0, 'Worker-1 ( 08-20-2021 | 04:20:15 PM ) ', 0, 640),
(68, '154', '08/20/2021', 'Rodel Macas', 'none', 'Medium', 'Basic', 'NBO-842', '3pm', 'none', 0, 'none', '', 'others', 'Freshener ', 0, 300, 'Worker-1 ( 08-20-2021 | 04:29:40 PM ) ', 0, 600),
(69, '155', '08/21/2021', 'Rodel Macas', 'none', 'Small', 'Ultimate', 'ZEU-615', '9am', 'none', 0, 'none', 'none', ' none', 'none', 0, 0, 'none', 0, 640),
(70, '147', '08/23/2021', 'Rodel Macas', 'none', 'Medium', 'Premium', 'KCU-4769', '9am', 'none', 0, 'none', 'none', ' none', 'none', 0, 0, 'none', 0, 500),
(71, '157', '08/23/2021', 'Rodel Macas', 'none', 'Small', 'Premium', 'MGJ 1830', '3pm', 'none', 0, 'none', 'none', ' none', 'none', 0, 0, 'none', 0, 460),
(72, '158', '08/25/2021', 'Rodel Macas', 'none', 'Large', 'Ultimate', 'AAS-1512', '9am', 'none', 0, 'none', 'none', ' none', 'none', 0, 0, 'none', 0, 850),
(73, '159', '08/25/2021', 'Rodel Macas', 'none', 'Large', 'Premium', 'ABC 3184', '12pm', 'none', 0, 'none', 'none', ' none', 'none', 0, 0, 'none', 0, 600),
(74, '160', '08/26/2021', 'Rodel Macas', 'none', 'Large', 'Ultimate', 'KCu 5882', '12pm', 'none', 0, 'none', 'none', ' none', 'none', 0, 0, 'none', 0, 850),
(75, '162', '08/28/2021', 'Rodel Macas', 'none', 'Medium', 'Premium', 'GO PO24', '9am', 'none', 0, 'none', 'none', ' none', 'none', 0, 0, 'none', 0, 500),
(76, '163', '08/28/2021', 'Rodel Macas', 'none', 'Small', 'Premium', 'ZCX 3786', '3pm', 'none', 0, 'none', 'none', ' none', 'none', 0, 0, 'none', 0, 460),
(77, '164', '08/29/2021', 'Rodel Macas', 'none', 'Medium', 'Ultimate', 'FO 958', '9am', 'none', 0, 'none', '', 'none', 'none', 0, 0, 'Worker-1 ( 08-29-2021 | 11:53:41 AM ) ', 0, 700),
(78, '167', '08/29/2021', 'Rodel Macas', 'none', 'Large', 'Premium', 'ATA 5260', '12pm', 'ten', 0, 'none', 'Nag chat na daw xa na naa xa discount', 'none', 'none', -60, 0, 'Worker-1 ( 08-29-2021 | 11:26:12 PM ) ', 0, 540),
(79, '169', '08/30/2021', 'Rodel Macas', 'none', 'Large', 'Ultimate', 'KAC 4873', '9am', 'none', 0, 'none', 'none', ' none', 'none', 0, 0, 'none', 0, 850),
(80, '166', '08/30/2021', 'Rodel Macas', 'none', 'Large', 'Premium', 'KCG 999', '12pm', 'ten', 0, 'none', 'N/A', 'none', 'none', -60, 0, 'Worker-1 ( 08-30-2021 | 03:32:00 PM ) ', 0, 540),
(81, '172', '08/31/2021', 'Rodel Macas', 'Ruben Macas Jr', 'Small', 'Premium', 'EJE 858', '12pm', 'none', 0, 'none', 'none', ' none', 'none', 0, 0, 'none', 0, 460),
(82, '168', '08/31/2021', 'Rodel Macas', 'Ruben Macas Jr', 'Medium', 'Ultimate', 'JDY318', '3pm', 'ten', 0, 'none', 'Managers discount ', 'none', 'none', -70, 0, 'Worker-1 ( 08-31-2021 | 08:30:30 PM ) ', 0, 630),
(83, '161', '09/01/2021', 'Rodel Macas', 'Ruben Macas Jr', 'Small', 'Ultimate', 'GAI 2832', '9am', 'none', 0, 'none', 'none', ' none', 'none', 0, 0, 'none', 0, 640),
(84, '174', '09/01/2021', 'Rodel Macas', 'Ruben Macas Jr', 'Large', 'Basic', 'AAS1512', '12pm', 'ten', 0, 'none', 'Managers Discount ', ' none', 'none', -35, 0, 'none', 0, 315),
(85, '170', '09/01/2021', 'Rodel Macas', 'Ruben Macas Jr', 'Large', 'Premium', 'KCU 2683', '12pm', 'none', 0, 'none', 'none', ' none', 'none', 0, 0, 'none', 0, 600),
(86, '177', '09/05/2021', 'Rodel Macas', 'Ruben Macas Jr', 'Large', 'Premium', 'JAD 4532', '9am', 'none', 0, 'none', 'none', ' none', 'none', 0, 0, 'none', 0, 600),
(87, '178', '09/05/2021', 'Rodel Macas', 'Ruben Macas Jr', 'Large', 'Ultimate', 'AAD 3553', '12pm', 'none', 0, 'none', 'none', ' none', 'none', 0, 0, 'none', 0, 850),
(88, '179', '09/05/2021', 'Rodel Macas', 'Ruben Macas Jr', 'Large', 'Ultimate', 'NGR', '3pm', 'none', 0, 'none', 'none', ' none', 'none', 0, 0, 'none', 0, 850),
(89, '173', '09/06/2021', 'Rodel Macas', 'Ruben Macas Jr', 'Large', 'Premium', 'KAD 3840', '9am', 'ten', 0, 'none', 'Managers discount', ' none', 'none', -60, 0, 'none', 0, 540),
(90, '181', '09/08/2021', 'Rodel Macas', 'Ruben Macas Jr', 'Small', 'Premium', 'KAB 8130', '9am', 'none', 0, 'none', 'none', ' none', 'none', 0, 0, 'none', 0, 460),
(91, '181', '09/08/2021', 'Rodel Macas', 'Ruben Macas Jr', 'Small', 'Premium', 'KAD 8031', '9am', 'none', 0, 'none', 'none', ' none', 'none', 0, 0, 'none', 0, 460),
(92, '180', '09/08/2021', 'Rodel Macas', 'Ruben Macas Jr', 'Large', 'Ultimate', 'NAY 5846', '12pm', 'none', 0, 'none', 'none', ' none', 'none', 0, 0, 'none', 0, 850),
(93, '184', '09/09/2021', 'Jeck Sila', 'Ruben Macas Jr', 'Large', 'Premium', 'GED 7402', '9am', 'none', 0, 'none', 'none', ' none', 'none', 0, 0, 'none', 0, 600),
(94, '183', '09/09/2021', 'Jeck Sila', 'Ruben Macas Jr', 'Large', 'Ultimate', 'GAO 9417', '', 'ten', 0, 'none', 'Vin - less P100 kay mo anha ra siya sa malaubang', ' none', 'none', -85, 0, 'none', 0, 765),
(95, '185', '09/10/2021', 'Jeck Sila', 'Ruben Macas Jr', 'Large', 'Ultimate', 'ABC 3319', '9am', 'fifty', 0, 'none', 'Assessment ', ' others', 'Car sanitation ', -425, 625, 'none', 0, 1050),
(96, '186', '09/10/2021', 'Jeck Sila', 'Ruben Macas Jr', 'Medium', 'Ultimate', 'ZMK 975', '12pm', 'none', 0, 'none', 'none', ' none', 'none', 0, 0, 'none', 0, 700),
(97, '187', '09/10/2021', 'Jeck Sila', 'Ruben Macas Jr', 'Large', 'Premium', 'WES 980', '3pm', 'ten', 0, 'none', 'Malaubang area', ' none', 'none', -60, 0, 'none', 0, 540),
(98, '188', '09/11/2021', 'Jeck Sila', 'Ruben Macas Jr', 'Medium', 'Premium', 'KAD 6780', '3pm', 'none', 0, 'none', 'none', ' none', 'none', 0, 0, 'none', 0, 500),
(99, '189', '09/13/2021', 'Ruben Macas Jr', 'none', 'Small', 'Premium', 'G1 H540', '9am', 'twenty', 0, 'none', 'Managers Discount ', ' none', 'none', -92, 0, 'none', 0, 368),
(100, '192', '09/15/2021', 'Ruben Macas Jr', 'none', 'Small', 'Premium', 'AAS 1254', '9am', 'none', 0, 'none', 'none', ' none', 'none', 0, 0, 'none', 0, 460),
(101, '194', '09/15/2021', 'Ruben Macas Jr', 'none', 'Large', 'Ultimate', 'AAS 1512', '12pm', 'none', 0, 'none', 'none', ' none', 'none', 0, 0, 'none', 0, 850),
(102, '193', '09/15/2021', 'Ruben Macas Jr', 'none', 'Medium', 'Ultimate', 'XTN 987', '3pm', 'none', 0, 'none', 'none', ' none', 'none', 0, 0, 'none', 0, 700),
(103, '193', '09/15/2021', 'Ruben Macas Jr', 'none', 'Medium', 'Ultimate', 'XTN 985', '3pm', 'none', 0, 'none', 'none', ' none', 'none', 0, 0, 'none', 0, 700),
(104, '191', '09/16/2021', 'Ruben Macas Jr', 'none', 'Medium', 'Ultimate', 'VFJ 448', '9am', 'none', 0, 'none', 'none', ' none', 'none', 0, 0, 'none', 0, 700),
(105, '195', '09/17/2021', 'Rodel Macas', 'Ruben Macas Jr', 'Large', 'Premium', 'AAU 8486', '9am', 'none', 0, 'none', 'none', ' none', 'none', 0, 0, 'none', 0, 600),
(106, '202', '09/17/2021', 'Rodel Macas', 'Ruben Macas Jr', 'Large', 'Ultimate', 'YLN 109', '12pm', 'none', 0, 'none', 'none', ' none', 'none', 0, 0, 'none', 0, 850),
(107, '196', '09/18/2021', 'Rodel Macas', 'Ruben Macas Jr', 'Large', 'Premium', 'ANA 6086', '9am', 'ten', 0, 'none', 'Duha ka sakyanan ', ' none', 'none', -60, 0, 'none', 0, 540),
(108, '197', '09/18/2021', 'Rodel Macas', 'Ruben Macas Jr', 'Large', 'Premium', 'KCV 240', '12pm', 'ten', 0, 'none', 'Duha ka sakyanan ', ' none', 'none', -60, 0, 'none', 0, 540),
(109, '201', '09/19/2021', 'Rodel Macas', 'Ruben Macas Jr', 'Small', 'Premium', 'AAF 7526', '9am', 'none', 0, 'none', 'none', ' none', 'none', 0, 0, 'none', 0, 460),
(110, '204', '09/21/2021', 'Rodel Macas', 'Ruben Macas Jr', 'Medium', 'Ultimate', 'KEA 651', '9am', 'none', 0, 'none', 'none', ' others', 'Service fee', 0, 150, 'none', 0, 850),
(111, '205', '09/22/2021', 'Rodel Macas', 'Ruben Macas Jr', 'Large', 'Ultimate', 'KAB 1737', '9am', 'ten', 0, 'none', 'Ana sir vin', ' none', 'none', -85, 0, 'none', 0, 765),
(112, '206', '09/22/2021', 'Rodel Macas', 'Ruben Macas Jr', 'Large', 'Ultimate', 'KGK 525', '9am', 'none', 0, 'none', 'none', ' none', 'none', 0, 0, 'none', 0, 850),
(113, '207', '09/24/2021', 'Rodel Macas', 'none', 'Large', 'Premium', 'JAD4532', '9am', 'ten', 0, 'none', 'Repeat customer ', ' none', 'none', -60, 0, 'none', 0, 540),
(114, '203', '09/25/2021', 'Rodel Macas', 'none', 'Large', 'Premium', 'Kac 5674', '9am', 'none', 0, 'none', 'none', ' none', 'none', 0, 0, 'none', 0, 600),
(115, '208', '09/26/2021', 'Rodel Macas', 'Ruben Macas Jr', 'Large', 'Ultimate', 'KAG 3493', '12pm', 'none', 0, 'none', 'none', ' none', 'none', 0, 0, 'none', 0, 850),
(116, '212', '09/28/2021', 'Rodel Macas', 'Ruben Macas Jr', 'Small', 'Ultimate', 'KAG 8037', '12pm', 'none', 0, 'none', 'none', ' none', 'none', 0, 0, 'none', 0, 640),
(117, '209', '09/26/2021', 'Ruben Macas Jr', 'none', 'Small', 'Premium', 'KAA 5314', '3pm', 'twenty', 0, 'none', '15 percent ni . Wala may Naka butane 15% Dre gud among gi 20 nalang ', ' others', 'Watermarks remover ', -92, 299, 'none', 0, 667),
(118, '211', '09/28/2021', 'Rodel Macas', 'Ruben Macas Jr', 'Medium', 'Premium', 'FAF 9005', '3pm', 'none', 0, 'none', 'none', ' none', 'none', 0, 0, 'none', 0, 500),
(119, '213', '10/01/2021', 'Rodel Macas', 'Ruben Macas Jr', 'Large', 'Premium', 'NEJ 3375', '9am', 'ten', 0, 'none', 'Malaubnag area 100 discount', ' none', 'none', -60, 0, 'none', 0, 540),
(120, '214', '10/01/2021', 'Rodel Macas', 'Ruben Macas Jr', 'Large', 'Premium', 'KCU 4071', '3pm', 'twenty', 0, 'none', 'Managers discount', ' none', 'none', -120, 0, 'none', 0, 480),
(121, '210', '10/02/2021', 'Rodel Macas', 'Ruben Macas Jr', 'Medium', 'Premium', 'GAL 6158', '9am', 'twenty', 0, 'none', 'Ate Michelle ', ' none', 'none', -100, 0, 'none', 0, 400),
(122, '216', '10/02/2021', 'Rodel Macas', 'Ruben Macas Jr', 'Medium', 'Premium', 'GAJ 1091', '12pm', 'none', 0, 'none', 'none', ' none', 'none', 0, 0, 'none', 0, 500),
(123, '215', '10/02/2021', 'Rodel Macas', 'Ruben Macas Jr', 'Medium', 'Ultimate', 'KDO 7795', '3pm', 'none', 0, 'none', 'none', ' none', 'none', 0, 0, 'none', 0, 700),
(124, '218', '10/03/2021', 'Rodel Macas', 'Michelle Bontong', 'Medium', 'Ultimate', 'TYVI 2891', '3pm', 'ten', 0, 'none', 'Neighbors discount ', 'none', 'none', -70, 0, 'Worker-1 ( 10-03-2021 | 10:36:05 AM ) ', 0, 630),
(125, '220', '10/04/2021', 'Rodel Macas', 'Ruben Macas Jr', 'Small', 'Basic', '123', '3pm', 'none', 0, 'none', 'none', 'none', 'none', 0, 0, 'none', 0, 280),
(126, '219', '10/04/2021', 'Rodel Macas', 'Michelle Bontong', 'Large', 'Ultimate', 'BBR 583', '9am', 'ten', 0, 'none', 'Malaubnag area 100 discount', 'none', 'none', -85, 0, 'none', 0, 765),
(127, '223', '10/05/2021', 'Rodel Macas', 'Ruben Macas Jr', 'Large', 'Premium', 'P3 09931', '9am', 'ten', 0, 'none', 'Malaubang area 50.00 discount', 'none', 'none', -60, 0, 'none', 0, 540),
(128, '224', '10/07/2021', 'Rodel Macas', 'none', 'Medium', 'Premium', 'NEC 7711', '9am', 'none', 0, 'none', 'none', 'none', 'none', 0, 0, 'none', 0, 500),
(129, '225', '10/07/2021', 'Rodel Macas', 'none', 'Large', 'Premium', 'ZHC 562', '3pm', 'none', 0, 'none', 'none', 'none', 'none', 0, 0, 'none', 0, 600),
(130, '226', '10/08/2021', 'Rodel Macas', 'none', 'Large', 'Ultimate', 'FGD 733', '9am', 'ten', 0, 'none', 'Malaubnag area 100 discount', 'none', 'none', -85, 0, 'none', 0, 765),
(131, '227', '10/09/2021', 'Rodel Macas', 'Ruben Macas Jr', 'Medium', 'Ultimate', 'UIK 829', '9am', 'none', 0, 'none', 'none', 'others', 'Service charge', 0, 150, 'none', 0, 850),
(132, '221', '10/10/2021', 'Rodel Macas', 'Ruben Macas Jr', 'Medium', 'Premium', 'GAL 8909', '3pm', 'none', 0, 'none', 'none', 'none', 'none', 0, 0, 'none', 0, 500),
(133, '222', '10/10/2021', 'Rodel Macas', 'Ruben Macas Jr', 'Small', 'Premium', 'KAB 6636', '12pm', 'none', 0, 'none', 'none', 'none', 'none', 0, 0, 'none', 0, 460),
(134, '228', '10/11/2021', 'Rodel Macas', 'Ruben Macas Jr', 'Large', 'Ultimate', 'Ged 7402', '9am', 'none', 0, 'none', 'none', 'none', 'none', 0, 0, 'none', 0, 850),
(135, '229', '10/13/2021', 'Rodel Macas', 'Ruben Macas Jr', 'Large', 'Premium', 'AAS 1512', '9am', 'ten', 0, 'none', 'Repeat customer ', 'none', 'none', -60, 0, 'Worker-1 ( 10-13-2021 | 05:32:28 PM ) ', 0, 540),
(136, '230', '10/13/2021', 'Rodel Macas', 'Ruben Macas Jr', 'Large', 'Ultimate', 'KAC 3243', '12pm', 'ten', 0, 'none', 'Malaubang area 50.00 discount', 'none', 'none', -85, 0, 'none', 0, 765),
(137, '236', '10/16/2021', 'Ruben Macas Jr', 'Rodel Macas', 'Medium', 'Basic', 'KFK 620', '12pm', 'ten', 0, 'none', 'Promo', 'none', 'none', -30, 0, 'Worker-1 ( 10-16-2021 | 05:40:52 PM ) ', 0, 270),
(138, '234', '10/16/2021', 'Ruben Macas Jr', 'Rodel Macas', 'Medium', 'Ultimate', 'KAC 6922', '9am', 'ten', 0, 'none', 'Ana si sir vin', 'none', 'none', -70, 0, 'none', 0, 630),
(139, '235', '10/16/2021', 'Ruben Macas Jr', 'Rodel Macas', 'Medium', 'Premium', 'GAL 6158', '3pm', 'twenty', 0, 'none', 'Stephanie ra', 'none', 'none', -100, 0, 'none', 0, 400),
(140, '238', '10/18/2021', 'Ruben Macas Jr', 'Rodel Macas', 'Large', 'Ultimate', 'MBK 272', '9am', 'ten', 0, 'none', 'Managers discount', 'none', 'none', -85, 0, 'none', 0, 765),
(141, '239', '10/18/2021', 'Ruben Macas Jr', 'Rodel Macas', 'Medium', 'Ultimate', 'GAN 2269', '12pm', 'ten', 0, 'none', 'Managers discount', 'none', 'none', -70, 0, 'none', 0, 630),
(142, '240', '10/18/2021', 'Rodel Macas', 'Ruben Macas Jr', 'Small', 'Basic', 'N/A', '12pm', 'ten', 0, 'none', 'Managers discount', 'others', 'Bike', -28, 100, 'none', 0, 352),
(143, '241', '10/18/2021', 'Rodel Macas', 'Ruben Macas Jr', 'Medium', 'Premium', 'TJO 908', '3pm', 'none', 0, 'none', 'none', 'none', 'none', 0, 0, 'none', 0, 500),
(144, '237', '10/19/2021', 'Ruben Macas Jr', 'none', 'Small', 'Basic', 'N/A', '3pm', 'ten', 0, 'none', 'Managers discount ', 'none', 'none', -28, 0, 'Worker-1 ( 10-19-2021 | 03:56:04 PM ) ', 0, 252),
(145, '242', '10/19/2021', 'Rodel Macas', 'Ruben Macas Jr', 'Small', 'Premium', 'KAG 8037', '12pm', 'twenty', 0, 'none', 'Managers discount', 'none', 'none', -92, 0, 'none', 0, 368),
(146, '243', '10/20/2021', 'Rodel Macas', 'Ruben Macas Jr', 'Large', 'Ultimate', 'KDK 900', '3pm', 'forty', 0, 'none', 'Managers discount', 'none', 'none', -340, 0, 'none', 0, 510),
(147, '244', '10/23/2021', 'Rodel Macas', 'Ruben Macas Jr', 'Medium', 'Premium', 'GAD 3395', '9am', 'ten', 0, 'none', 'Repeat customer ', 'none', 'none', -50, 0, 'none', 0, 450),
(148, '245', '10/26/2021', 'Rodel Macas', 'none', 'Large', 'Premium', 'GAN 2269', '9am', 'ten', 0, 'none', 'Repeat customer ', 'none', 'none', -60, 0, 'none', 0, 540),
(149, '247', '10/27/2021', 'Rodel Macas', 'none', 'Large', 'Premium', 'AAS 1512', '3pm', 'ten', 0, 'none', 'Repeat customer ', 'none', 'none', -60, 0, 'none', 0, 540),
(150, '248', '11/01/2021', 'Rodel Macas', 'Ruben Macas Jr', 'Large', 'Premium', 'KCU 6963', '9am', 'ten', 0, 'none', 'Managers discount ', 'none', 'none', -60, 0, 'none', 0, 540),
(151, '249', '11/01/2021', 'Rodel Macas', 'Ruben Macas Jr', 'Small', 'Premium', 'KAC 7311', '12pm', 'ten', 0, 'none', 'Managers discount ', 'none', 'none', -46, 0, 'none', 0, 414),
(152, '251', '11/01/2021', 'Rodel Macas', 'Ruben Macas Jr', 'Large', 'Premium', 'FAF 9005', '3pm', 'ten', 0, 'none', 'Managers discount ', 'none', 'none', -60, 0, 'none', 0, 540),
(153, '250', '11/02/2021', 'Ruben Macas Jr', 'none', 'Large', 'Premium', 'NBP 6858', '3pm', 'ten', 0, 'none', 'Managers discount ', 'none', 'none', -60, 0, 'none', 0, 540),
(154, '252', '11/02/2021', 'Ruben Macas Jr', 'none', 'Medium', 'Premium', 'GAU 3375', '12pm', 'ten', 0, 'none', 'Managers discount ', 'none', 'none', -50, 0, 'none', 0, 450),
(155, '253', '11/05/2021', 'Rodel Macas', 'none', 'Extra Large', 'Premium', 'Zab 7607', '9am', 'ten', 0, 'none', 'Promo', 'none', 'none', -70, 0, 'Worker-1 ( 11-05-2021 | 12:16:32 PM ) ', 0, 630),
(156, '246', '11/07/2021', 'Ruben Macas Jr', 'none', 'Small', 'Ultimate', 'KAB 8130', '9am', 'ten', 0, 'none', 'Promo', 'none', 'none', -64, 0, 'none', 0, 576),
(157, '255', '11/08/2021', 'Rodel Macas', 'Ruben Macas Jr', 'Large', 'Ultimate', 'LAB 5830', '12pm', 'ten', 0, 'none', 'Managers discount', 'none', 'none', -85, 0, 'none', 0, 765),
(158, '256', '11/10/2021', 'Rodel Macas', 'Ruben Macas Jr', 'Large', 'Premium', 'DCP 3692', '9am', 'ten', 0, 'none', 'Managers discount ', 'none', 'none', -60, 0, 'none', 0, 540),
(159, '257', '11/10/2021', 'Rodel Macas', 'Ruben Macas Jr', 'Medium', 'Premium', 'KAB 7524', '9am', 'ten', 0, 'none', 'Managers discount', 'none', 'none', -50, 0, 'none', 0, 450),
(160, '258', '11/10/2021', 'Rodel Macas', 'Ruben Macas Jr', 'Large', 'Premium', 'KAC 4774', '12pm', 'ten', 0, 'none', 'Managers discount', 'none', 'none', -60, 0, 'none', 0, 540),
(161, '245', '10/26/2021', 'Rodel Macas', 'Ruben Macas Jr', 'Large', 'Premium', 'GAN 2269', '9am', 'ten', 0, 'none', 'Promo', 'none', 'none', -60, 0, 'none', 0, 540),
(162, '254', '11/11/2021', 'Rodel Macas', 'Ruben Macas Jr', 'Large', 'Premium', 'GAN 2269', '9am', 'ten', 0, 'none', 'Promo', 'none', 'none', -60, 0, 'none', 0, 540),
(163, '260', '11/16/2021', 'Ruben Macas Jr', 'none', 'Extra Large', 'Basic', 'C3u724', '12pm', 'none', 0, 'none', 'none', 'none', 'none', 0, 0, 'none', 0, 400),
(164, '266', '11/19/2021', 'Rodel Macas', 'Ruben Macas Jr', 'Medium', 'Premium', 'Test', '12pm', 'ten', 0, 'none', 'Promo', 'none', 'none', -50, 0, 'none', 0, 450),
(165, '261', '11/19/2021', 'Rodel Macas', 'none', 'Medium', 'Premium', 'AAK 6695', '3pm', 'none', 0, 'none', 'Promo', 'none', 'none', 0, 0, 'none', 0, 500),
(166, '267', '11/19/2021', 'Yuan', 'JL Paredes', 'Medium', 'Premium', 'Test-10002', '12pm', 'twenty', 0, 'none', 'John Dave Loyal Customer', 'others', 'John Dave Loyal Customer', 100, 100, 'none', 0, 300),
(167, '268', '11/20/2021', 'Rodel Macas', 'Ruben Macas Jr', 'Large', 'Ultimate', 'KAC 4873', '3pm', 'ten', 0, 'none', 'Promo', 'none', 'none', -85, 0, 'none', 0, 765),
(168, '269', '11/20/2021', 'Rodel Macas', 'Ruben Macas Jr', 'Small', 'Premium', 'GAE 3945', '12pm', 'ten', 0, 'none', 'Promo', 'none', 'none', -46, 0, 'none', 0, 414),
(169, '271', '11/23/2021', 'Rodel Macas', 'none', 'Large', 'Ultimate', 'KAD 1249', '9am', 'ten', 0, 'none', 'Managers discount', 'none', 'none', -85, 0, 'none', 0, 765),
(170, '272', '11/23/2021', 'Rodel Macas', 'none', 'Large', 'Premium', 'GAN 2269', '12pm', 'ten', 0, 'none', 'Repeat customer ', 'none', 'none', -60, 0, 'none', 0, 540),
(171, '270', '11/24/2021', 'Rodel Macas', 'none', 'Medium', 'Premium', 'AAF 7842', '9am', 'ten', 0, 'none', 'Managers discount', 'none', 'none', -50, 0, 'none', 0, 450),
(172, '275', '11/24/2021', 'Rodel Macas', 'none', 'Large', 'Premium', 'B7 m432', '12pm', 'ten', 0, 'none', 'Managers discount', 'none', 'none', -60, 0, 'none', 0, 540),
(173, '274', '11/25/2021', 'Rodel Macas', 'none', 'Medium', 'Premium', 'MBK 272', '9am', 'ten', 0, 'none', 'Repeat customer ', 'none', 'none', -50, 0, 'none', 0, 450),
(174, '276', '11/25/2021', 'Rodel Macas', 'none', 'Medium', 'Ultimate', '080109', '12pm', 'ten', 0, 'none', 'Repeat customer ', 'none', 'none', -70, 0, 'none', 0, 630),
(175, '277', '11/26/2021', 'Rodel Macas', 'none', 'Large', 'Premium', 'Kgr 283', '9am', 'ten', 0, 'none', 'Managers discount', 'none', 'none', -60, 0, 'none', 0, 540),
(176, '262', '11/26/2021', 'Rodel Macas', 'none', 'Small', 'Premium', 'G3e204', '3pm', 'ten', 0, 'none', 'Managers discount', 'none', 'none', -46, 0, 'none', 0, 414),
(177, '273', '11/27/2021', 'Rodel Macas', 'none', 'Large', 'Ultimate', 'Nl 7602', '12pm', 'onehundred', 0, 'none', 'Family', 'none', 'none', -850, 0, 'Worker-1 ( 11-27-2021 | 05:32:55 PM ) ', 0, 0),
(178, '282', '12/01/2021', 'Ruben Macas Jr', 'Michelle Bontong', 'Small', 'Ultimate', 'Tag123', '3pm', 'ten', 0, 'none', 'Promo', 'others', 'Travel charge', -64, 200, 'none', 0, 776),
(179, '283', '12/01/2021', 'Michelle Bontong', 'Rodel Macas', 'Small', 'Ultimate', 'Ret', '12pm', 'none', 0, 'none', 'none', 'others', 'Detailing', 0, 1860, 'Worker-1 ( 12-01-2021 | 02:55:54 PM ) ', 0, 2500),
(180, '282', '12/01/2021', 'Ruben Macas Jr', 'none', 'Small', 'Basic', 'Test', '3pm', 'none', 0, 'none', 'none', 'none', 'none', 0, 0, 'none', 0, 280),
(181, '279', '12/05/2021', 'Ruben Macas Jr', 'Michelle Bontong', 'Medium', 'Ultimate', 'KOR 611', '9am', 'ten', 0, 'none', 'Promo', 'none', 'none', -70, 0, 'none', 0, 630),
(182, '280', '12/05/2021', 'Michelle Bontong', 'Ruben Macas Jr', 'Large', 'Ultimate', 'KAB 6296', '12pm', 'ten', 0, 'none', 'Promo', 'none', 'none', -85, 0, 'none', 0, 765),
(183, '285', '12/07/2021', 'Ruben Macas Jr', 'none', 'Medium', 'Ultimate', 'NN 5074', '9am', 'ten', 0, 'none', 'Promo', 'none', 'none', -70, 0, 'none', 0, 630),
(184, '286', '12/10/2021', 'Ruben Macas Jr', 'Michelle Bontong', 'Medium', 'Ultimate', 'Rhythm 382', '9am', 'twenty', 0, 'none', 'Promo', 'none', 'none', -140, 0, 'none', 0, 560),
(185, '287', '12/13/2021', 'Ruben Macas Jr', 'Michelle Bontong', 'Medium', 'Premium', 'NN 5074', '3pm', 'none', 0, 'none', 'none', 'none', 'none', 0, 0, 'none', 0, 500),
(186, '288', '12/20/2021', 'Ruben Macas Jr', 'Michelle Bontong', 'Large', 'Ultimate', 'F3X734', '12pm', 'ten', 0, 'none', 'Promo', 'others', 'Travel fee clarin', -85, 50, 'none', 0, 815),
(187, '295', '12/22/2021', 'Ruben Macas Jr', 'Michelle Bontong', 'Large', 'Ultimate', 'NGS 5022', '12pm', 'twenty', 0, 'none', 'Managers discount', 'none', 'none', -170, 0, 'none', 0, 680),
(188, '296', '12/22/2021', 'Ruben Macas Jr', 'Michelle Bontong', 'Medium', 'Premium', 'GAB 5703', '9am', 'ten', 0, 'none', 'Kato Ning kagahapon sir atong 21 wala mi kahimo sir gud ', 'none', 'none', -50, 0, 'none', 0, 450),
(189, '290', '12/23/2021', 'Ruben Macas Jr', 'Michelle Bontong', 'Medium', 'Premium', 'AXA 6712', '3pm', 'ten', 0, 'none', 'Promo', 'none', 'none', -50, 0, 'none', 0, 450),
(190, '291', '12/23/2021', 'Ruben Macas Jr', 'Michelle Bontong', 'Large', 'Premium', 'WGD 3647', '9am', 'ten', 0, 'none', 'Promo', 'none', 'none', -60, 0, 'none', 0, 540),
(191, '297', '12/23/2021', 'Ruben Macas Jr', 'Michelle Bontong', 'Large', 'Premium', 'KAG 5945', '9am', 'ten', 0, 'none', 'Promo', 'none', 'none', -60, 0, 'none', 0, 540),
(192, '298', '12/23/2021', 'Ruben Macas Jr', 'Michelle Bontong', 'Large', 'Premium', 'JAD 4532', '12pm', 'twenty', 0, 'none', 'Managers discount', 'none', 'none', -120, 0, 'none', 0, 480),
(193, '300', '12/26/2021', 'Ruben Macas Jr', 'Michelle Bontong', 'Large', 'Ultimate', 'DCP 3692', '9am', 'ten', 0, 'none', 'Na', 'none', 'none', -85, 0, 'none', 0, 765),
(194, '301', '12/26/2021', 'Ruben Macas Jr', 'Michelle Bontong', 'Extra Large', 'Ultimate', 'ZAC 4097', '3pm', 'ten', 0, 'none', 'Na', 'none', 'none', -100, 0, 'none', 0, 900),
(195, '299', '12/27/2021', 'Ruben Macas Jr', 'Michelle Bontong', 'Extra Large', 'Ultimate', 'WPN 829', '9am', 'ten', 0, 'none', 'Promo', 'others', 'Detailing ', -100, 1800, 'none', 0, 2700),
(196, '303', '12/29/2021', 'Ruben Macas Jr', 'Michelle Bontong', 'Large', 'Ultimate', 'KAC 4774', '9am', 'twenty', 0, 'none', 'Suki', 'none', 'none', -170, 0, 'none', 0, 680),
(197, '302', '12/29/2021', 'Ruben Macas Jr', 'Michelle Bontong', 'Large', 'Ultimate', 'NCB 3284', '12pm', 'ten', 0, 'none', 'Promo', 'none', 'none', -85, 0, 'none', 0, 765),
(198, '305', '12/30/2021', 'Ruben Macas Jr', 'Michelle Bontong', 'Medium', 'Ultimate', 'AXA 6712', '9am', 'ten', 0, 'none', 'Promo', 'none', 'none', -70, 0, 'none', 0, 630),
(199, '306', '12/30/2021', 'Ruben Macas Jr', 'Michelle Bontong', 'Medium', 'Ultimate', 'GAB 5703', '12pm', 'ten', 0, 'none', 'Promo', 'none', 'none', -70, 0, 'none', 0, 630),
(200, '308', '12/30/2021', 'Ruben Macas Jr', 'Michelle Bontong', 'Small', 'Ultimate', 'KAB 3708', '3pm', 'ten', 0, 'none', 'Promo', 'none', 'none', -64, 0, 'none', 0, 576),
(201, '292', '12/31/2021', 'Ruben Macas Jr', 'Michelle Bontong', 'Large', 'Ultimate', 'GAN 6263', '9am', 'ten', 0, 'none', 'Promo', 'none', 'none', -85, 0, 'none', 0, 765),
(202, '293', '12/31/2021', 'Ruben Macas Jr', 'Michelle Bontong', 'Large', 'Ultimate', 'KAB 6296', '12pm', 'ten', 0, 'none', 'Promo', 'none', 'none', -85, 0, 'none', 0, 765),
(203, '294', '12/31/2021', 'Ruben Macas Jr', '', 'Medium', 'Ultimate', 'KOR 611', '3pm', 'twenty', 0, 'none', 'Suki ', 'none', 'none', 140, 0, 'none', 0, 560),
(204, '307', '01/02/2022', 'Ruben Macas Jr', 'Michelle Bontong', 'Large', 'Ultimate', 'KAD 5247', '9am', 'ten', 0, 'none', 'Promo', 'others', '250 travel fee In total of = 2950 ', -85, 2185, 'none', 0, 2950),
(205, '309', '01/03/2022', 'Ruben Macas Jr', 'Michelle Bontong', 'Medium', 'Ultimate', 'ZMU 147 ', '3pm', 'ten', 0, 'none', 'Promo ', 'none', 'none', -70, 0, 'none', 0, 630),
(206, '310', '01/06/2022', 'Ruben Macas Jr', 'Michelle Bontong', 'Large', 'Ultimate', 'DOX 231', '9am', 'ten', 0, 'none', 'Promo', 'others', 'Express Detailing', -85, 1935, 'none', 0, 2700),
(207, '311', '01/08/2022', 'Ruben Macas Jr', 'Michelle Bontong', 'Medium', 'Ultimate', 'GAB 5703', '9am', 'ten', 0, 'none', 'Promo', 'others', 'Express Detailing ', -70, 1620, 'none', 0, 2250),
(208, '304', '01/11/2022', 'Ruben Macas Jr', 'Michelle Bontong', 'Large', 'Ultimate', 'TQL 219', '9am', 'ten', 0, 'none', 'Promo', 'others', 'Express Detailing ', -85, 1935, 'none', 0, 2700),
(209, '319', '01/12/2022', 'Michelle Bontong', 'Ruben Macas Jr', 'Large', 'Ultimate', 'ANA 6149', '9am', 'ten', 0, 'none', 'Promo', 'others', 'Express Detailing 2700 + Travel fee 250 ', -85, 2185, 'none', 0, 2950),
(210, '323', '01/13/2022', 'Ruben Macas Jr', 'Michelle Bontong', 'Large', 'Premium', 'I 000', '9am', 'ten', 0, 'none', 'Promo', 'none', 'none', -60, 0, 'none', 0, 540),
(211, '325', '01/13/2022', 'Ruben Macas Jr', 'Michelle Bontong', 'Large', 'Premium', 'I 000', '12pm', 'ten', 0, 'none', 'promo', 'none', 'none', -60, 0, 'none', 0, 540),
(212, '312', '01/16/2022', 'Ruben Macas Jr', 'Michelle Bontong', 'Medium', 'Ultimate', 'AXA 6712', '9am', 'ten', 0, 'none', 'Promo ', 'none', 'none', -70, 0, 'none', 0, 630),
(213, '327', '01/16/2022', 'Ruben Macas Jr', 'Michelle Bontong', 'Medium', 'Basic', 'Na', '12pm', 'none', 0, 'none', 'none', 'none', 'none', 0, 0, 'none', 0, 300),
(214, '328', '01/18/2022', 'Ruben Macas Jr', 'Michelle Bontong', 'Medium', 'Ultimate', 'VFJ 448', '9am', 'ten', 0, 'none', 'Promo', 'none', 'none', -70, 0, 'none', 0, 630),
(215, '320', '01/18/2022', 'Ruben Macas Jr', 'Michelle Bontong', 'Medium', 'Premium', 'KDR 190', '3pm', 'twenty', 0, 'none', 'Managers discount', 'none', 'none', -100, 0, 'none', 0, 400),
(216, '336', '01/19/2022', 'Ruben Macas Jr', 'Michelle Bontong', 'Medium', 'Ultimate', 'GAB 5703', '9am', 'ten', 0, 'none', 'Promo', 'none', 'none', -70, 0, 'none', 0, 630),
(217, '335', '01/20/2022', 'Ruben Macas Jr', 'Michelle Bontong', 'Large', 'Ultimate', 'KAB 2842', '3pm', 'ten', 0, 'none', 'Promo', 'none', 'none', -85, 0, 'none', 0, 765),
(218, '324', '01/21/2022', 'Ruben Macas Jr', 'Michelle Bontong', 'Small', 'Ultimate', 'NCI 8243', '9am', 'ten', 0, 'none', 'Promo', 'others', 'Express Interior Detailing 2250 Less 10% +100 travel fee, Total of 2350', -64, 1774, 'none', 0, 2350),
(219, '321', '01/22/2022', 'Ruben Macas Jr', 'Michelle Bontong', 'Small', 'Premium', 'N/A', '3pm', 'ten', 0, 'none', 'Promo', 'none', 'none', -46, 0, 'none', 0, 414),
(220, '337', '01/24/2022', 'Ruben Macas Jr', 'Michelle Bontong', 'Small', 'Premium', 'KAA 6148', '9am', 'ten', 0, 'none', 'Promo', 'none', 'none', -46, 0, 'none', 0, 414),
(221, '338', '01/24/2022', 'Ruben Macas Jr', 'Michelle Bontong', 'Large', 'Premium', 'N/A', '12pm', 'ten', 0, 'none', 'Promo', 'none', 'none', -60, 0, 'none', 0, 540),
(222, '340', '01/24/2022', 'Ruben Macas Jr', 'Michelle Bontong', 'Large', 'Premium', 'KAD 7978', '3pm', 'ten', 0, 'none', 'Promo', 'none', 'none', -60, 0, 'none', 0, 540),
(223, '342', '01/26/2022', 'Michelle Bontong', 'none', 'Small', 'Premium', 'BAC 2345', '12pm', 'ten', 0, 'none', 'promo', 'others', 'Travel fee', -46, 100, 'none', 0, 514),
(224, '341', '01/28/2022', 'Ruben Macas Jr', 'none', 'Large', 'Ultimate', 'KAC 3292', '3pm', 'ten', 0, 'none', 'Promo ', 'none', 'none', -85, 0, 'none', 0, 765),
(225, '313', '01/29/2022', 'Ruben Macas Jr', 'none', 'Medium', 'Premium', 'AXA 6712', '9am', 'ten', 0, 'none', 'Promo', 'none', 'none', -50, 0, 'none', 0, 450),
(226, '339', '01/29/2022', 'Ruben Macas Jr', 'none', 'Large', 'Premium', 'POS 502', '12pm', 'ten', 0, 'none', 'Promo ', 'none', 'none', -60, 0, 'none', 0, 540),
(227, '345', '02/01/2022', 'Ruben Macas Jr', 'Michelle Bontong', 'Medium', 'Ultimate', 'KAG 4618', '9am', 'ten', 0, 'none', 'Promo', 'others', 'Travel fee', -70, 150, 'none', 0, 780),
(228, '347', '02/03/2022', 'Ruben Macas Jr', 'none', 'Large', 'Premium', 'KAA 3077', '12pm', 'ten', 0, 'none', 'Promo', 'none', 'none', -60, 0, 'none', 0, 540),
(229, '346', '02/03/2022', 'Ruben Macas Jr', 'Michelle Bontong', 'Medium', 'Premium', 'LAG 5099', '9am', 'ten', 0, 'none', 'promo', 'none', 'none', -50, 0, 'none', 0, 450),
(230, '348', '02/05/2022', 'Ruben Macas Jr', 'Michelle Bontong', 'Large', 'Premium', 'KBZ 170', '9am', 'ten', 0, 'none', 'Na', 'none', 'none', -60, 0, 'none', 0, 540),
(231, '349', '02/05/2022', 'Ruben Macas Jr', 'Michelle Bontong', 'Large', 'Premium', '0000', '12pm', 'ten', 0, 'none', 'Na', 'none', 'none', -60, 0, 'none', 0, 540),
(232, '350', '02/05/2022', 'Ruben Macas Jr', 'Michelle Bontong', 'Medium', 'Ultimate', 'GAB 5703', '3pm', 'ten', 0, 'none', 'Na', 'none', 'none', -70, 0, 'none', 0, 630),
(233, '351', '02/06/2022', 'Ruben Macas Jr', 'Michelle Bontong', 'Large', 'Premium', 'KAD 8012', '12pm', 'ten', 0, 'none', 'Promo', 'none', 'none', -60, 0, 'none', 0, 540),
(234, '344', '02/06/2022', 'Ruben Macas Jr', 'none', 'Large', 'Ultimate', '0000', '12pm', 'ten', 0, 'none', 'Promo', 'none', 'none', -85, 0, 'none', 0, 765),
(235, '353', '02/06/2022', 'Ruben Macas Jr', 'Michelle Bontong', 'Large', 'Premium', 'KAD 7978', '9am', 'ten', 0, 'none', 'Promo', 'none', 'none', -60, 0, 'none', 0, 540),
(236, '343', '02/07/2022', 'Ruben Macas Jr', 'Michelle Bontong', 'Large', 'Ultimate', 'KAB 8819', '9am', 'ten', 0, 'none', 'Promo', 'others', 'Express Interior Detailing 2700 + Travel fee 350 = Total of 3050', -85, 2285, 'none', 0, 3050),
(237, '354', '02/11/2022', 'Ruben Macas Jr', 'Michelle Bontong', 'Medium', 'Ultimate', 'KAD 9382', '9am', 'ten', 0, 'none', 'promo', 'others', 'Travel fee', -70, 350, 'none', 0, 980),
(238, '358', '02/11/2022', 'Ruben Macas Jr', 'Michelle Bontong', 'Small', 'Premium', 'KAD 7147', '3pm', 'ten', 0, 'none', 'Promo', 'none', 'none', -46, 0, 'none', 0, 414),
(239, '359', '02/11/2022', 'Ruben Macas Jr', 'Michelle Bontong', 'Medium', 'Ultimate', 'AXA 6712', '3pm', 'ten', 0, 'none', 'Promo', 'none', 'none', -70, 0, 'none', 0, 630),
(240, '356', '02/12/2022', 'Ruben Macas Jr', 'Michelle Bontong', 'Small', 'Ultimate', 'KAB 8130', '9am', 'ten', 0, 'none', 'Promo ', 'none', 'none', -64, 0, 'none', 0, 576),
(241, '367', '02/15/2022', 'Ruben Macas Jr', 'JL Paredes', 'Large', 'Premium', 'GAN 2269', '12pm', 'ten', 0, 'none', 'Promo ', 'none', 'none', -60, 0, 'none', 0, 540),
(242, '366', '02/15/2022', 'Ruben Macas Jr', 'JL Paredes', 'Large', 'Ultimate', 'MBK 272', '9am', 'ten', 0, 'none', 'Promo', 'none', 'none', -85, 0, 'none', 0, 765),
(243, '368', '02/16/2022', 'Ruben Macas Jr', 'JL Paredes', 'Large', 'Ultimate', 'AAS 1545', '12pm', 'ten', 0, 'none', 'Promo ', 'none', 'none', -85, 0, 'none', 0, 765),
(244, '369', '02/18/2022', 'Ruben Macas Jr', 'JL Paredes', 'Large', 'Ultimate', 'GAM 8946', '9am', 'ten', 0, 'none', 'Promo ', 'none', 'none', -85, 0, 'Worker-1 ( 02-18-2022 | 12:53:09 PM ) ', 0, 765),
(245, '370', '02/18/2022', 'Ruben Macas Jr', 'JL Paredes', 'Large', 'Ultimate', 'KAC 4774', '12pm', 'twenty', 0, 'none', 'Suki sa naomis', 'none', 'none', -170, 0, 'none', 0, 680),
(246, '371', '02/18/2022', 'Ruben Macas Jr', 'JL Paredes', 'Large', 'Premium', 'KAD 7978', '3pm', 'ten', 0, 'none', 'Promo', 'none', 'none', -60, 0, 'none', 0, 540),
(247, '372', '02/19/2022', 'Ruben Macas Jr', 'JL Paredes', 'Medium', 'Premium', 'GAB 5703', '9am', 'ten', 0, 'none', 'Promo ', 'none', 'none', -50, 0, 'none', 0, 450),
(248, '373', '02/19/2022', 'Ruben Macas Jr', 'JL Paredes', 'Large', 'Premium', '0000', '12pm', 'ten', 0, 'none', 'Promo', 'none', 'none', -60, 0, 'none', 0, 540),
(249, '374', '02/19/2022', 'Ruben Macas Jr', 'JL Paredes', 'Small', 'Ultimate', 'KAG 8037', '3pm', 'twenty', 0, 'none', 'Managers discount ', 'none', 'none', -128, 0, 'none', 0, 512),
(250, '375', '02/20/2022', 'Ruben Macas Jr', 'JL Paredes', 'Large', 'Premium', 'NBP 6859', '9am', 'ten', 0, 'none', 'Promo ', 'none', 'none', -60, 0, 'none', 0, 540),
(251, '376', '02/20/2022', 'Ruben Macas Jr', 'JL Paredes', 'Medium', 'Premium', 'AAK 6695', '12pm', 'ten', 0, 'none', 'Promo ', 'none', 'none', -50, 0, 'none', 0, 450),
(252, '378', '02/23/2022', 'Ruben Macas Jr', 'JL Paredes', 'Large', 'Premium', 'NCU 6169', '9am', 'ten', 0, 'none', 'Promo', 'none', 'none', -60, 0, 'none', 0, 540),
(253, '379', '02/23/2022', 'Ruben Macas Jr', 'JL Paredes', 'Large', 'Premium', 'KAA 2961', '12pm', 'ten', 0, 'none', 'Promo', 'none', 'none', -60, 0, 'none', 0, 540),
(254, '380', '02/27/2022', 'Ruben Macas Jr', 'none', 'Small', 'Ultimate', 'Na', '3pm', 'twenty', 0, 'none', 'Managers Discount', 'none', 'none', -128, 0, 'none', 0, 512),
(255, '381', '02/28/2022', 'Ruben Macas Jr', 'JL Paredes', 'Medium', 'Premium', 'AAR 4693', '9am', 'ten', 0, 'none', 'Promo', 'none', 'none', -50, 0, 'none', 0, 450),
(256, '386', '03/02/2022', 'Ruben Macas Jr', 'JL Paredes', 'Medium', 'Ultimate', 'GAB 5703', '12pm', 'ten', 0, 'none', 'Promo', 'none', 'none', -70, 0, 'none', 0, 630),
(257, '387', '03/02/2022', 'Ruben Macas Jr', 'JL Paredes', 'Large', 'Premium', '00000', '3pm', 'ten', 0, 'none', 'Promo', 'none', 'none', -60, 0, 'none', 0, 540),
(258, '388', '03/03/2022', 'Ruben Macas Jr', 'JL Paredes', 'Small', 'Premium', 'KAB 3708', '9am', 'ten', 0, 'none', 'Promo ', 'none', 'none', -46, 0, 'none', 0, 414),
(259, '385', '03/03/2022', 'Ruben Macas Jr', 'JL Paredes', 'Large', 'Ultimate', 'AAL 9039', '12pm', 'ten', 0, 'none', 'Promo', 'none', 'none', -85, 0, 'none', 0, 765),
(260, '382', '03/04/2022', 'Ruben Macas Jr', 'JL Paredes', 'Extra Large', 'Ultimate', 'NGU 8643', '12pm', 'twenty', 0, 'none', 'Managers discount', 'none', 'none', -200, 0, 'none', 0, 800),
(261, '389', '03/05/2022', 'Ruben Macas Jr', 'JL Paredes', 'Large', 'Ultimate', 'JAD 4532', '9am', 'ten', 0, 'none', 'Promo', 'none', 'none', -85, 0, 'none', 0, 765),
(262, '391', '03/06/2022', 'Ruben Macas Jr', 'JL Paredes', 'Large', 'Premium', 'GED 4895', '9am', 'ten', 0, 'none', 'Promo', 'none', 'none', -60, 0, 'none', 0, 540),
(263, '390', '03/07/2022', 'Ruben Macas Jr', 'JL Paredes', 'Large', 'Ultimate', 'YKT 322', '12pm', 'ten', 0, 'none', 'Promo', 'none', 'none', -85, 0, 'none', 0, 765),
(264, '395', '03/09/2022', 'Ruben Macas Jr', 'JL Paredes', 'Large', 'Premium', 'KAD 5136', '12pm', 'ten', 0, 'none', 'Promo ', 'none', 'none', -60, 0, 'none', 0, 540),
(265, '393', '03/12/2022', 'Ruben Macas Jr', 'JL Paredes', 'Large', 'Express Interior Detailing', 'YKX 988', '9am', 'ten', 0, 'none', 'promo ', 'none', 'none', -300, 0, 'none', 0, 2700),
(266, '392', '03/12/2022', 'Ruben Macas Jr', 'JL Paredes', 'Large', 'Express Interior Detailing', 'AOA 7365', '9am', 'ten', 0, 'none', 'Promo', 'others', 'Travel fee ', -300, 300, 'none', 0, 3000),
(267, '394', '03/12/2022', 'Ruben Macas Jr', 'JL Paredes', 'Small', 'Express Interior Detailing', 'KEG 374', '9am', 'ten', 0, 'none', 'Promo', 'none', 'none', -250, 0, 'none', 0, 2250),
(268, '400', '03/14/2022', 'Ruben Macas Jr', 'JL Paredes', 'Medium', 'Premium', 'KAC 6071', '9am', 'ten', 0, 'none', 'Promo ', 'none', 'none', -50, 0, 'none', 0, 450),
(269, '396', '03/14/2022', 'Ruben Macas Jr', 'JL Paredes', 'Large', 'Ultimate', 'GAV 3870', '12pm', 'ten', 0, 'none', 'Promo ', 'none', 'none', -85, 0, 'none', 0, 765),
(270, '399', '03/15/2022', 'Ruben Macas Jr', 'JL Paredes', 'Large', 'Premium', 'S5X164', '12pm', 'ten', 0, 'none', 'Promo', 'none', 'none', -60, 0, 'none', 0, 540),
(271, '401', '03/16/2022', 'JL Paredes', 'Ruben Macas Jr', 'Large', 'Ultimate', 'AXA 6712', '9am', 'twenty', 0, 'none', 'Promo', 'none', 'none', -170, 0, 'none', 0, 680),
(272, '398', '03/19/2022', 'JL Paredes', 'Ruben Macas Jr', 'Large', 'Premium', 'NBP 6859', '9am', 'ten', 0, 'none', 'Promo ', 'none', 'none', -60, 0, 'none', 0, 540),
(273, '402', '03/20/2022', 'Ruben Macas Jr', 'JL Paredes', 'Large', 'Premium', '0000', '12pm', 'ten', 0, 'none', 'Promo', 'others', 'Clarin', -60, 75, 'none', 0, 615),
(274, '403', '03/20/2022', 'Ruben Macas Jr', 'JL Paredes', 'Medium', 'Premium', 'AAF 2153', '3pm', 'ten', 0, 'none', 'promo', 'others', 'Clarin', -50, 75, 'none', 0, 525),
(275, '406', '03/22/2022', 'Ruben Macas Jr', 'JL Paredes', 'Small', 'Ultimate', '0000', '12pm', 'twenty', 0, 'none', 'Managers discount', 'none', 'none', -128, 0, 'none', 0, 512),
(276, '408', '03/25/2022', 'Ruben Macas Jr', 'JL Paredes', 'Large', 'Premium', 'KAA 9487', '9am', 'ten', 0, 'none', 'Promo', 'none', 'none', -60, 0, 'none', 0, 540),
(277, '409', '03/25/2022', 'Ruben Macas Jr', 'JL Paredes', 'Large', 'Premium', 'S5X164', '3pm', 'ten', 0, 'none', 'promo', 'none', 'none', -60, 0, 'none', 0, 540),
(278, '407', '03/28/2022', 'JL Paredes', 'Ruben Macas Jr', 'Large', 'Ultimate', 'FOK 008', '9am', 'ten', 0, 'none', 'Promo ', 'none', 'none', -85, 0, 'none', 0, 765),
(279, '405', '03/28/2022', 'JL Paredes', 'Ruben Macas Jr', 'Large', 'Express Interior Detailing', 'TQK 497', '9am', 'ten', 0, 'none', 'Promo ', 'none', 'none', -300, 0, 'none', 0, 2700),
(280, '383', '03/29/2022', 'Ruben Macas Jr', 'JL Paredes', 'Extra Large', 'Express Interior Detailing', 'KGL 321', '9am', 'none', 0, 'none', 'none', 'others', 'Travel fee LANAO ', 0, 1500, 'none', 0, 5000),
(281, '411', '03/30/2022', 'JL Paredes', 'Ruben Macas Jr', 'Large', 'Express Interior Detailing', '0000', '9am', 'ten', 0, 'none', 'promo ', 'none', 'none', -300, 0, 'none', 0, 2700),
(282, '410', '03/31/2022', 'Ruben Macas Jr', 'JL Paredes', 'Large', 'Premium', 'NAR 3934', '9am', 'ten', 0, 'none', 'Promo ', 'none', 'none', -60, 0, 'none', 0, 540),
(283, '412', '03/31/2022', 'Ruben Macas Jr', 'JL Paredes', 'Extra Large', 'Ultimate', 'D2K 152', '12pm', 'ten', 0, 'none', 'promo', 'none', 'none', -100, 0, 'none', 0, 900),
(284, '414', '03/31/2022', 'Ruben Macas Jr', 'JL Paredes', 'Large', 'Ultimate', 'NGU 8643', '3pm', 'twenty', 0, 'none', 'Managers discount ', 'none', 'none', -170, 0, 'none', 0, 680),
(285, '417', '04/01/2022', 'Ruben Macas Jr', 'JL Paredes', 'Large', 'Ultimate', 'MAX 1623', '12pm', 'ten', 0, 'none', 'Promo', 'others', 'Travel fee', -85, 150, 'none', 0, 915),
(286, '419', '04/01/2022', 'JL Paredes', 'Ruben Macas Jr', 'Large', 'Premium', 'N/A', '9am', 'ten', 0, 'none', 'promo ', 'others', 'Na', -60, 150, 'none', 0, 690),
(287, '416', '04/02/2022', 'JL Paredes', 'Ruben Macas Jr', 'Large', 'Ultimate', 'WES 980', '3pm', 'ten', 0, 'none', 'promo', 'none', 'none', -85, 0, 'none', 0, 765),
(288, '415', '04/04/2022', 'Ruben Macas Jr', 'JL Paredes', 'Medium', 'Express Interior Detailing', 'AAF 2938', '9am', 'ten', 0, 'none', 'Promo ', 'others', 'Travel fee Jimenez ', -280, 280, 'none', 0, 2800),
(289, '422', '04/05/2022', 'JL Paredes', 'none', 'Large', 'Premium', 'KAA 2961', '9am', 'none', 0, 'none', 'none', 'none', 'none', 0, 0, 'none', 0, 600),
(290, '413', '04/07/2022', 'Ruben Macas Jr', 'JL Paredes', 'Large', 'Express Interior Detailing', 'KCU 3585', '9am', 'ten', 0, 'none', 'Promo ', 'none', 'none', -300, 0, 'none', 0, 2700),
(291, '420', '04/08/2022', 'Ruben Macas Jr', 'JL Paredes', 'Large', 'Premium', '0000', '9am', 'ten', 0, 'none', 'Promo ', 'none', 'none', -60, 0, 'none', 0, 540),
(292, '418', '04/11/2022', 'Ruben Macas Jr', 'JL Paredes', 'Large', 'Ultimate', 'AAL 9039', '9am', 'twenty', 0, 'none', 'Managers discount ', 'none', 'none', -170, 0, 'none', 0, 680),
(293, '425', '04/12/2022', 'JL Paredes', 'none', 'Small', 'Ultimate', 'KAG 8037', '9am', 'twenty', 0, 'none', 'Promo ', 'none', 'none', -128, 0, 'none', 0, 512),
(294, '426', '04/12/2022', 'JL Paredes', 'none', 'Large', 'Premium', '0000', '12pm', 'none', 0, 'none', 'none', 'none', 'none', 0, 0, 'Worker-1 ( 04-12-2022 | 04:50:48 PM ) ', 0, 600),
(295, '427', '04/13/2022', 'Ruben Macas Jr', 'JL Paredes', 'Small', 'Premium', 'KAA 4886', '9am', 'none', 0, 'none', 'none', 'others', 'Add on UV ', 0, 100, 'none', 0, 560),
(296, '429', '04/13/2022', 'Ruben Macas Jr', 'JL Paredes', 'Large', 'Premium', 'JAF 9624', '3pm', 'twenty', 0, 'none', 'Malaubnag area 100 discount', 'others', 'Malaubang area 100 discount', -120, 20, 'none', 0, 500),
(297, '428', '04/13/2022', 'Ruben Macas Jr', 'JL Paredes', 'Small', 'Ultimate', 'N/A', '12pm', 'twenty', 0, 'none', 'Site discount 100', 'others', 'Site discount 100', -128, 48, 'none', 0, 560),
(298, '431', '04/18/2022', 'Ruben Macas Jr', 'JL Paredes', 'Medium', 'Premium', 'GAB 5703', '9am', 'none', 0, 'none', 'none', 'none', 'none', 0, 0, 'none', 0, 500),
(299, '435', '04/18/2022', 'JL Paredes', 'Ruben Macas Jr', 'Large', 'Premium', '0000', '12pm', 'none', 0, 'none', 'none', 'none', 'none', 0, 0, 'none', 0, 600),
(300, '432', '04/19/2022', 'JL Paredes', 'none', 'Large', 'Premium', 'KAD 8012', '9am', 'none', 0, 'none', 'none', 'none', 'none', 0, 0, 'none', 0, 600),
(301, '433', '04/21/2022', 'JL Paredes', 'none', 'Extra Large', 'Premium', 'TIH 249', '9am', 'none', 0, 'none', 'none', 'none', 'none', 0, 0, 'none', 0, 700),
(302, '434', '04/21/2022', 'JL Paredes', 'none', 'Medium', 'Premium', '0000', '12pm', 'none', 0, 'none', 'none', 'none', 'none', 0, 0, 'none', 0, 500),
(303, '437', '04/22/2022', 'Ruben Macas Jr', 'JL Paredes', 'Small', 'Premium', 'AAE 9058', '9am', 'none', 0, 'none', 'none', 'none', 'none', 0, 0, 'none', 0, 460),
(304, '438', '04/22/2022', 'Ruben Macas Jr', 'JL Paredes', 'Large', 'Premium', 'KAA 2961', '12pm', 'none', 0, 'none', 'none', 'none', 'none', 0, 0, 'none', 0, 600),
(305, '440', '04/23/2022', 'Ruben Macas Jr', 'JL Paredes', 'Large', 'Premium', 'WGD 364', '9am', 'none', 0, 'none', 'none', 'none', 'none', 0, 0, 'none', 0, 600),
(306, '439', '04/23/2022', 'Ruben Macas Jr', 'JL Paredes', 'Medium', 'Ultimate', 'KAA 8739', '12pm', 'thirty', 0, 'none', '100 discount ', 'others', 'Stephanie Malaubang discount 100', -210, 110, 'none', 0, 600),
(307, '441', '04/29/2022', 'JL Paredes', 'Ruben Macas Jr', 'Large', 'Express Interior Detailing', 'AOA 7484', '9am', 'none', 0, 'none', 'none', 'others', 'Na', 0, 280, 'none', 0, 3280),
(308, '445', '05/02/2022', 'Ruben Macas Jr', 'JL Paredes', 'Large', 'Premium', 'WGD 364', '12pm', 'none', 0, 'none', 'none', 'none', 'none', 0, 0, 'none', 0, 600),
(309, '444', '05/02/2022', 'Ruben Macas Jr', 'JL Paredes', 'Large', 'Premium', 'KBZ 170', '9am', 'none', 0, 'none', 'none', 'none', 'none', 0, 0, 'none', 0, 600),
(310, '446', '05/02/2022', 'Ruben Macas Jr', 'JL Paredes', 'Small', 'Basic', '0000', '3pm', 'forty', 0, 'none', 'Site ', 'others', 'Site ', -112, 12, 'none', 0, 180),
(311, '443', '05/03/2022', 'JL Paredes', 'none', 'Large', 'Ultimate', '0000', '3pm', 'twenty', 0, 'none', 'Site', 'others', 'Xoooom Site', -170, 70, 'none', 0, 750),
(312, '449', '05/03/2022', 'JL Paredes', 'none', 'Large', 'Ultimate', '00000', '12pm', 'twenty', 0, 'none', 'Site', 'others', 'Xoooom Ozamiz Site', -170, 70, 'none', 0, 750),
(313, '447', '05/04/2022', 'Ruben Macas Jr', 'JL Paredes', 'Medium', 'Ultimate', 'ABC 2487', '9am', 'twenty', 0, 'none', 'Xoooomautospa site', 'others', 'Xoom autospa Site', -140, 40, 'none', 0, 600),
(314, '450', '05/04/2022', 'Ruben Macas Jr', 'JL Paredes', 'Large', 'Premium', 'KAD 7978', '3pm', 'none', 0, 'none', 'none', 'none', 'none', 0, 0, 'none', 0, 600),
(315, '442', '05/07/2022', 'Ruben Macas Jr', 'JL Paredes', 'Small', 'Premium', '0000', '9am', 'none', 0, 'none', 'none', 'none', 'none', 0, 0, 'none', 0, 460),
(316, '457', '05/07/2022', 'Ruben Macas Jr', 'JL Paredes', 'Small', 'Premium', '0000', '9am', 'thirty', 0, 'none', 'Stephanie Malaubang', 'others', 'Stephanie less 100', -138, 38, 'none', 0, 360),
(317, '454', '05/07/2022', 'Ruben Macas Jr', 'JL Paredes', 'Large', 'Premium', '0000', '12pm', 'none', 0, 'none', 'none', 'none', 'none', 0, 0, 'none', 0, 600),
(318, '455', '05/07/2022', 'Ruben Macas Jr', 'JL Paredes', 'Large', 'Premium', 'KAC 4774', '3pm', 'none', 0, 'none', 'none', 'none', 'none', 0, 0, 'none', 0, 600);
INSERT INTO `service_commissions` (`commission_id`, `cust_id`, `date`, `personnel`, `partner`, `size`, `type`, `plate`, `time`, `discount`, `service_manager_discount`, `promo_code`, `discount_notes`, `additional_charge_type`, `additional_notes`, `discount_amount`, `others_amount`, `edit_logs`, `vat`, `total`) VALUES
(319, '458', '05/07/2022', 'Ruben Macas Jr', 'JL Paredes', 'Small', 'Premium', '0000', '9am', 'thirty', 0, 'none', 'Site discount 100', 'others', 'Site', -138, 38, 'none', 0, 360),
(320, '453', '05/08/2022', 'Ruben Macas Jr', 'JL Paredes', 'Large', 'Express Interior Detailing', 'KAF 9240', '9am', 'none', 0, 'none', 'none', 'others', 'Travel fee labo', 0, 150, 'none', 0, 3150),
(321, '456', '05/10/2022', 'JL Paredes', 'Ruben Macas Jr', 'Large', 'Express Interior Detailing', 'KCU 4877', '9am', 'none', 0, 'none', 'none', 'others', 'Travel fee Oroquieta ', 0, 350, 'none', 0, 3350),
(322, '459', '05/11/2022', 'JL Paredes', 'Ruben Macas Jr', 'Large', 'Express Interior Detailing', '0000', '9am', 'ten', 0, 'none', 'Promo', 'others', 'Na', -300, 100, 'none', 0, 2800),
(323, '461', '05/13/2022', 'JL Paredes', 'Justine Dagapioso', 'Large', 'Ultimate', 'NBF 6087', '9am', 'thirty', 0, 'none', 'Promo', 'others', 'Na', -255, 5, 'none', 0, 600),
(324, '462', '05/13/2022', 'JL Paredes', 'Justine Dagapioso', 'Large', 'Premium', '0000', '12pm', 'twenty', 0, 'none', 'Promo', 'others', 'Na', -120, 20, 'none', 0, 500),
(325, '463', '05/16/2022', 'JL Paredes', 'Ruben Macas Jr', 'Large', 'Premium', 'VD1994', '9am', 'none', 0, 'none', 'none', 'others', 'Na', 0, 100, 'none', 0, 700),
(326, '466', '05/16/2022', 'JL Paredes', 'Ruben Macas Jr', 'Large', 'Premium', '0000', '12pm', 'twenty', 0, 'none', 'Promo', 'others', 'Na', -120, 20, 'none', 0, 500),
(327, '424', '05/17/2022', 'Ruben Macas Jr', 'JL Paredes', 'Large', 'Express Interior Detailing', '0000', '9am', 'none', 0, 'none', 'none', 'others', 'Oroquieta travel fee 350 + 350 ', 0, 700, 'none', 0, 3700),
(328, '464', '05/18/2022', 'Ruben Macas Jr', 'JL Paredes', 'Large', 'Express Interior Detailing', 'ANA 5490', '9am', 'ten', 0, 'none', 'Site discount 200', 'others', 'Site discount 200 Express Interior Detailing ', -300, 100, 'none', 0, 2800),
(329, '465', '05/19/2022', 'JL Paredes', 'Justine Dagapioso', 'Large', 'Premium', '0000', '12pm', 'twenty', 0, 'none', 'Promo', 'others', 'Na', -120, 20, 'Worker-1 ( 05-19-2022 | 04:37:15 PM ) ', 0, 500),
(330, '468', '05/19/2022', 'JL Paredes', 'Justine Dagapioso', 'Large', 'Premium', '0000', '9am', 'twenty', 0, 'none', 'Promo', 'others', 'Na', -120, 20, 'none', 0, 500),
(331, '470', '05/19/2022', 'JL Paredes', 'Ruben Macas Jr', 'Medium', 'Premium', '0000', '3pm', 'twenty', 0, 'none', 'Promo', 'none', 'none', -100, 0, 'none', 0, 400),
(332, '469', '05/21/2022', 'Ruben Macas Jr', 'JL Paredes', 'Medium', 'Express Interior Detailing', 'MCV 7920', '9am', 'twenty', 0, 'none', 'Less 200 Onsite ', 'others', 'On-site less 200', -560, 60, 'none', 0, 2300),
(333, '471', '05/22/2022', 'Ruben Macas Jr', 'JL Paredes', 'Small', 'Express Interior Detailing', 'ATA 5851', '9am', 'ten', 0, 'none', 'Less 200 Xoooom Site', 'others', 'Less 200 Xoooom Site', -250, 50, 'none', 0, 2300),
(334, '472', '05/23/2022', 'Ruben Macas Jr', 'JL Paredes', 'Large', 'Premium', 'ZSF 731', '9am', 'none', 0, 'none', 'none', 'none', 'none', 0, 0, 'none', 0, 600),
(335, '423', '05/23/2022', 'Ruben Macas Jr', 'JL Paredes', 'Large', 'Premium', 'KAA 2961', '12pm', 'none', 0, 'none', 'none', 'none', 'none', 0, 0, 'none', 0, 600),
(336, '475', '05/23/2022', 'Ruben Macas Jr', 'JL Paredes', 'Large', 'Premium', 'KAD 7978', '3pm', 'none', 0, 'none', 'none', 'none', 'none', 0, 0, 'none', 0, 600),
(337, '474', '05/24/2022', 'JL Paredes', 'Justine Dagapioso', 'Small', 'Premium', 'KAF 2523', '9am', 'none', 0, 'none', 'none', 'others', 'Na', 0, 100, 'none', 0, 560),
(338, '476', '05/24/2022', 'JL Paredes', 'Justine Dagapioso', 'Small', 'Premium', '070108', '12pm', 'thirty', 0, 'none', 'Promo', 'others', 'Na', -138, 38, 'none', 0, 360),
(339, '473', '05/25/2022', 'Ruben Macas Jr', 'JL Paredes', 'Large', 'Express Interior Detailing', 'GAN 2269', '9am', 'none', 0, 'none', 'none', 'none', 'none', 0, 0, 'none', 0, 3000),
(340, '481', '05/26/2022', 'Ruben Macas Jr', 'JL Paredes', 'Large', 'Express Interior Detailing', 'GAM 6829', '9am', 'ten', 0, 'none', 'Xoooomautospa site', 'others', 'Xoooom autospa Site Less 100', -300, 100, 'none', 0, 2800),
(341, '477', '05/27/2022', 'JL Paredes', 'Justine Dagapioso', 'Large', 'Ultimate', '0000', '12pm', 'none', 0, 'none', 'none', 'others', 'Na', 0, 100, 'none', 0, 950),
(342, '480', '05/27/2022', 'JL Paredes', 'Justine Dagapioso', 'Medium', 'Premium', '0000', '9am', 'none', 0, 'none', 'none', 'none', 'none', 0, 0, 'none', 0, 500),
(343, '482', '05/28/2022', 'JL Paredes', 'Ruben Macas Jr', 'Medium', 'Premium', '0000', '9am', 'none', 0, 'none', 'none', 'none', 'none', 0, 0, 'none', 0, 500),
(344, '483', '05/30/2022', 'Ruben Macas Jr', 'JL Paredes', 'Large', 'Premium', 'F1Y810', '9am', 'twenty', 0, 'none', 'Site discount 100', 'others', 'Discount 100 site ', -120, 20, 'none', 0, 500),
(345, '488', '05/30/2022', 'Ruben Macas Jr', 'JL Paredes', 'Large', 'Premium', '0000', '12pm', 'twenty', 0, 'none', 'Site discount 100', 'others', 'Discount 100 Site ', -120, 20, 'none', 0, 500),
(346, '490', '05/31/2022', 'JL Paredes', 'Justine Dagapioso', 'Medium', 'Ultimate', 'NAR 5692', '12pm', 'none', 0, 'none', 'none', 'none', 'none', 0, 0, 'none', 0, 700),
(347, '491', '05/31/2022', 'JL Paredes', 'Justine Dagapioso', 'Medium', 'Premium', '0000', '9am', 'twenty', 0, 'none', 'Promo', 'none', 'none', -100, 0, 'none', 0, 400),
(348, '487', '05/31/2022', 'JL Paredes', 'Justine Dagapioso', 'Small', 'Ultimate', '0000', '3pm', 'twenty', 0, 'none', 'Promo', 'others', 'Na', -128, 28, 'none', 0, 540),
(349, '485', '06/01/2022', 'Ruben Macas Jr', 'JL Paredes', 'Extra Large', 'Ultimate', 'KCB 6606', '9am', 'none', 0, 'none', 'none', 'others', 'Travel fee Sinacaban', 0, 150, 'none', 0, 1150),
(350, '486', '06/01/2022', 'Ruben Macas Jr', 'JL Paredes', 'Large', 'Ultimate', 'KAG 6964', '12pm', 'none', 0, 'none', 'none', 'others', 'Travel fee Sinacaban', 0, 150, 'none', 0, 1000),
(351, '489', '06/01/2022', 'Ruben Macas Jr', 'JL Paredes', 'Large', 'Premium', 'KAD 7978', '3pm', 'none', 0, 'none', 'none', 'none', 'none', 0, 0, 'none', 0, 600),
(352, '489', '06/01/2022', 'Ruben Macas Jr', 'JL Paredes', 'Large', 'Premium', 'KAD 7978', '3pm', 'none', 0, 'none', 'none', 'none', 'none', 0, 0, 'none', 0, 600),
(353, '484', '06/02/2022', 'Ruben Macas Jr', 'JL Paredes', 'Large', 'Premium', 'KAG 2224', '9am', 'twenty', 0, 'none', 'Site discount 100', 'others', 'Xoooom Autospa Site', -120, 20, 'none', 0, 500),
(354, '492', '06/02/2022', 'Ruben Macas Jr', 'JL Paredes', 'Small', 'Ultimate', 'GAI 7947', '12pm', 'twenty', 0, 'none', 'Xoooomautospa site discount 100', 'others', 'Xoooom autospa Site Discount 100', -128, 28, 'none', 0, 540),
(355, '493', '06/02/2022', 'Ruben Macas Jr', 'JL Paredes', 'Large', 'Premium', 'GAU 3795', '3pm', 'none', 0, 'none', 'none', 'none', 'none', 0, 0, 'none', 0, 600),
(356, '495', '06/04/2022', 'Justine Dagapioso', 'JL Paredes', 'Large', 'Ultimate', 'NBI 8736', '9am', 'none', 0, 'none', 'none', 'none', 'none', 0, 0, 'none', 0, 850),
(357, '496', '06/04/2022', 'Ruben Macas Jr', 'none', 'Small', 'Ultimate', '0000', '12pm', 'twenty', 0, 'none', 'Site discount 100', 'others', 'Site discount 100', -128, 28, 'none', 0, 540),
(358, '498', '06/04/2022', 'Ruben Macas Jr', 'JL Paredes', 'Small', 'Premium', '0000', '3pm', 'thirty', 0, 'none', 'Site discount 100', 'others', 'Site discount 100', -138, 38, 'none', 0, 360),
(359, '504', '06/05/2022', 'Ruben Macas Jr', 'JL Paredes', 'Large', 'Premium', 'YHS 545', '12pm', 'twenty', 0, 'none', 'Site discount 100', 'others', 'Site discount 100', -120, 20, 'none', 0, 500),
(360, '510', '06/06/2022', 'Ruben Macas Jr', 'Justine Dagapioso', 'Large', 'Ultimate', 'AAL 9039', '12pm', 'twenty', 0, 'none', 'Discount 100 Site', 'others', 'Xoooomautospa Site Discount 100', -170, 70, 'none', 0, 750),
(361, '511', '06/06/2022', 'Ruben Macas Jr', 'Justine Dagapioso', 'Large', 'Premium', '0000', '3pm', 'twenty', 0, 'none', 'Promo', 'others', 'Na', -120, 20, 'none', 0, 500),
(362, '512', '06/06/2022', 'Ruben Macas Jr', 'Justine Dagapioso', 'Medium', 'Premium', 'WNG172', '12pm', 'twenty', 0, 'none', 'Promo', 'none', 'none', -100, 0, 'none', 0, 400),
(363, '509', '06/08/2022', 'Ruben Macas Jr', 'Justine Dagapioso', 'Medium', 'Premium', 'GAA 8618', '9am', 'none', 0, 'none', 'none', 'others', 'Travel fee Clarin ', 0, 100, 'none', 0, 600),
(364, '508', '06/08/2022', 'Ruben Macas Jr', 'Justine Dagapioso', 'Small', 'Premium', '0000', '12pm', 'none', 0, 'none', 'none', 'none', 'none', 0, 0, 'none', 0, 460),
(365, '514', '06/08/2022', 'Ruben Macas Jr', 'Justine Dagapioso', 'Medium', 'Premium', 'XAF 463', '3pm', 'twenty', 0, 'none', 'Discount 100 Site', 'none', 'none', -100, 0, 'none', 0, 400),
(366, '515', '06/09/2022', 'Ruben Macas Jr', 'JL Paredes', 'Large', 'Premium', 'KGN 467', '9am', 'none', 0, 'none', 'none', 'none', 'none', 0, 0, 'none', 0, 600),
(367, '516', '06/09/2022', 'Ruben Macas Jr', 'Justine Dagapioso', 'Large', 'Ultimate', 'ANA 5979', '12pm', 'twenty', 0, 'none', 'Site discount 100', 'others', 'Xoooomautospa site', -170, 70, 'none', 0, 750),
(368, '501', '06/09/2022', 'Ruben Macas Jr', 'Justine Dagapioso', 'Medium', 'Ultimate', 'NFT 2473', '3pm', 'none', 0, 'none', 'none', 'others', 'Travel fee tangub', 0, 150, 'none', 0, 850),
(369, '518', '06/10/2022', 'Ruben Macas Jr', 'Justine Dagapioso', 'Large', 'Ultimate', 'S5B 937', '9am', 'twenty', 0, 'none', 'Xoooomautospa site discount 100', 'others', 'Discount 100 (Friend ni sir Mike)', -170, 70, 'none', 0, 750),
(370, '520', '06/10/2022', 'Ruben Macas Jr', 'Justine Dagapioso', 'Small', 'Premium', '0000', '12pm', 'none', 0, 'none', 'none', 'none', 'none', 0, 0, 'none', 0, 460),
(371, '517', '06/10/2022', 'Ruben Macas Jr', 'Justine Dagapioso', 'Large', 'Premium', '0000', '12pm', 'none', 0, 'none', 'none', 'none', 'none', 0, 0, 'none', 0, 600),
(372, '519', '06/10/2022', 'Ruben Macas Jr', 'Justine Dagapioso', 'Large', 'Premium', '0000', '3pm', 'none', 0, 'none', 'none', 'none', 'none', 0, 0, 'none', 0, 600),
(373, '502', '06/11/2022', 'Ruben Macas Jr', 'Justine Dagapioso', 'Small', 'Premium', 'DAJ 7277', '9am', 'thirty', 0, 'none', 'Xoooomautospa site discount 100', 'others', 'Xoooomautospa Site less 100', -138, 38, 'none', 0, 360),
(374, '521', '06/11/2022', 'Ruben Macas Jr', 'Justine Dagapioso', 'Medium', 'Premium', '0000', '9am', 'twenty', 0, 'none', 'Xoooomautospa site discount 100', 'none', 'none', -100, 0, 'none', 0, 400),
(375, '507', '06/11/2022', 'JL Paredes', 'Ruben & Justine', 'Small', 'Premium', '122610', '3pm', 'none', 0, 'none', 'none', 'none', 'none', 0, 0, 'none', 0, 460),
(376, '524', '06/11/2022', 'JL Paredes', 'Ruben & Justine', 'Medium', 'Premium', 'KBZ 632', '12pm', 'twenty', 0, 'none', 'ON SITE Less 100', 'none', 'none', -100, 0, 'none', 0, 400),
(377, '503', '06/12/2022', 'Ruben Macas Jr', 'JL Paredes', 'Extra Large', 'Premium', 'NNO 782', '12pm', 'none', 0, 'none', 'none', 'others', 'Oroquieta Travel fee', 0, 225, 'none', 0, 925),
(378, '506', '06/12/2022', 'Ruben Macas Jr', 'JL Paredes', 'Small', 'Premium', 'GAB 3151', '3pm', 'none', 0, 'none', 'none', 'others', 'Oroquieta Travel fee', 0, 225, 'none', 0, 685),
(379, '522', '06/13/2022', 'Ruben Macas Jr', 'JL Paredes', 'Large', 'Premium', 'KBZ 170', '9am', 'none', 0, 'none', 'none', 'none', 'none', 0, 0, 'none', 0, 600),
(380, '526', '06/13/2022', 'Ruben Macas Jr', 'JL Paredes', 'Small', 'Premium', '0000', '12pm', 'thirty', 0, 'none', 'Site discount 100', 'others', 'Site discount 100', -138, 38, 'none', 0, 360),
(381, '527', '06/13/2022', 'JL Paredes', 'Ruben & Justine', 'Large', 'Premium', '0000', '3pm', 'none', 0, 'none', 'none', 'none', 'none', 0, 0, 'none', 0, 600),
(382, '529', '06/15/2022', 'JL Paredes', 'Ruben & Justine', 'Medium', 'Premium', 'GAB 5703', '9am', 'none', 0, 'none', 'none', 'none', 'none', 0, 0, 'none', 0, 500),
(383, '531', '06/15/2022', 'JL Paredes', 'Ruben & Justine', 'Large', 'Premium', 'KAD 7834', '12pm', 'twenty', 0, 'none', 'Xoooomautospa site discount 100', 'others', 'Ol', -120, 20, 'none', 0, 500),
(384, '533', '06/16/2022', 'JL Paredes', 'Justine Dagapioso', 'Extra Large', 'Ultimate', '0000', '9am', 'ten', 0, 'none', 'Promo', 'none', 'none', -100, 0, 'none', 0, 900),
(385, '525', '06/17/2022', 'JL Paredes', 'Ruben & Justine', 'Large', 'Express Interior Detailing', '0000', '9am', 'ten', 0, 'none', 'Promo', 'others', 'Na', -300, 100, 'none', 0, 2800),
(386, '528', '06/18/2022', 'Ruben Macas Jr', 'JL Paredes', 'Extra Large', 'Premium', '0000', '3pm', 'none', 0, 'none', 'none', 'none', 'none', 0, 0, 'none', 0, 700),
(387, '534', '06/19/2022', 'JL Paredes', 'Justine Dagapioso', 'Medium', 'Premium', '0000', '9am', 'none', 0, 'none', 'none', 'none', 'none', 0, 0, 'none', 0, 500),
(388, '535', '06/19/2022', 'JL Paredes', 'Justine Dagapioso', 'Large', 'Ultimate', '0000', '12pm', 'none', 0, 'none', 'none', 'none', 'none', 0, 0, 'none', 0, 850),
(389, '497', '06/20/2022', 'JL Paredes', 'Ruben & Justine', 'Large', 'Express Interior Detailing', '0000', '9am', 'ten', 0, 'none', 'Site discount 200', 'others', 'Express Interior Detailing Less 200 Site', -300, 100, 'none', 0, 2800),
(390, '537', '06/22/2022', 'JL Paredes', 'Ruben & Justine', 'Large', 'Express Interior Detailing', '0000', '9am', 'ten', 0, 'none', 'Less 200 Site ', 'others', 'Express Interior Detailing', -300, 100, 'none', 0, 2800),
(391, '530', '06/23/2022', 'JL Paredes', 'Ruben & Justine', 'Large', 'Express Interior Detailing', '0000', '9am', 'ten', 0, 'none', 'Site discount 200', 'others', 'Express Interior Detailing', -300, 100, 'none', 0, 2800),
(392, '538', '06/24/2022', 'JL Paredes', 'Ruben & Justine', 'Large', 'Express Interior Detailing', '0000', '9am', 'none', 0, 'none', 'none', 'others', 'Travel Fee Tangub', 0, 250, 'none', 0, 3250),
(393, '543', '06/25/2022', 'Ruben Macas Jr', 'Ruben & Justine', 'Small', 'Express Interior Detailing', '0000', '9am', 'ten', 0, 'none', 'Site discount 200', 'others', 'Express Interior Detailing ', -250, 50, 'none', 0, 2300),
(394, '547', '06/25/2022', 'JL Paredes', 'Ruben & Justine', 'Large', 'Express Interior Detailing', '0000', '12pm', 'ten', 0, 'none', 'Site discount 200', 'others', 'Express Interior Detailing ', -300, 100, 'none', 0, 2800),
(395, '544', '06/27/2022', 'JL Paredes', 'Ruben Macas Jr', 'Large', 'Premium', 'GAJ 8957', '9am', 'none', 0, 'none', 'none', 'others', 'Travel fee', 0, 180, 'none', 0, 780),
(396, '546', '06/27/2022', 'JL Paredes', 'Ruben Macas Jr', 'Medium', 'Ultimate', '0000', '3pm', 'twenty', 0, 'none', 'Promo', 'others', 'Na', -140, 40, 'none', 0, 600),
(397, '550', '06/28/2022', 'JL Paredes', 'Ruben Macas Jr', 'Large', 'Premium', '0000', '9am', 'twenty', 0, 'none', 'Site discount 100', 'others', 'site discount 100 ', -120, 20, 'none', 0, 500),
(398, '549', '06/29/2022', 'JL Paredes', 'Ruben & Justine', 'Medium', 'Premium', '0000', '9am', 'none', 0, 'none', 'none', 'none', 'none', 0, 0, 'none', 0, 500),
(399, '551', '06/29/2022', 'JL Paredes', 'Justine Dagapioso', 'Large', 'Premium', '0000', '3pm', 'twenty', 0, 'none', 'Promo', 'others', 'Na', -120, 20, 'none', 0, 500),
(400, '552', '07/01/2022', 'JL Paredes', 'Ruben & Justine', 'Small', 'Premium', '0000', '12pm', 'twenty', 0, 'none', 'Site discount 100', 'others', 'Additional UV light 100', -92, 92, 'none', 0, 460),
(401, '553', '07/01/2022', 'JL Paredes', 'Ruben & Justine', 'Large', 'Premium', '0000', '9am', 'none', 0, 'none', 'none', 'none', 'none', 0, 0, 'none', 0, 600),
(402, '554', '07/02/2022', 'JL Paredes', 'Ruben & Justine', 'Medium', 'Express Interior Detailing', '0000', '9am', 'twenty', 0, 'none', 'Managers discount 500', 'others', 'Managers discount 500', -560, 260, 'none', 0, 2500),
(403, '556', '07/02/2022', 'JL Paredes', 'Ruben & Justine', 'Medium', 'Ultimate', '0000', '12pm', 'twenty', 0, 'none', 'Site discount 100', 'others', 'Site Carwash ', -140, 40, 'none', 0, 600),
(404, '558', '07/02/2022', 'Ruben Macas Jr', 'Justine Dagapioso', 'Medium', 'Premium', '0000', '3pm', 'twenty', 0, 'none', 'Stephanie Malaubang less 100', 'none', 'none', -100, 0, 'none', 0, 400),
(405, '562', '07/03/2022', 'JL Paredes', 'Ruben & Justine', 'Large', 'Express Interior Detailing', 'NBC 9828', '9am', 'none', 0, 'none', 'none', 'others', 'travel fee Tudela', 0, 200, 'none', 0, 3200),
(406, '557', '07/04/2022', 'JL Paredes', 'Ruben & Justine', 'Large', 'Express Interior Detailing', '0000', '9am', 'ten', 0, 'none', 'Promo', 'others', 'Na', -300, 100, 'none', 0, 2800),
(407, '560', '07/04/2022', 'JL Paredes', 'Justine Dagapioso', 'Large', 'Premium', '0000', '12pm', 'twenty', 0, 'none', 'Promo', 'others', 'Na', -120, 20, 'none', 0, 500),
(408, '555', '07/06/2022', 'JL Paredes', 'Justine Dagapioso', 'Large', 'Premium', '0000', '3pm', 'none', 0, 'none', 'none', 'others', 'Na', 0, 100, 'none', 0, 700),
(409, '561', '07/07/2022', 'JL Paredes', 'Ruben & Justine', 'Large', 'Express Interior Detailing', '0000', '9am', 'ten', 0, 'none', 'Promo', 'others', 'Na', -300, 100, 'none', 0, 2800),
(410, '567', '07/08/2022', 'JL Paredes', 'Ruben & Justine', 'Medium', 'Premium', '0000', '12pm', 'twenty', 0, 'none', 'Site discount 100', 'none', 'none', -100, 0, 'none', 0, 400),
(411, '559', '07/08/2022', 'JL Paredes', 'Ruben & Justine', 'Large', 'Express Interior Detailing', 'GAC 1050', '9am', 'ten', 0, 'none', 'Site discount 200', 'others', 'Detailing ', -300, 100, 'none', 0, 2800),
(412, '568', '07/08/2022', 'JL Paredes', 'Justine Dagapioso', 'Large', 'Basic', '0000', '3pm', 'thirty', 0, 'none', 'Promo', 'others', 'FOGGING AND UV', -105, 5, 'none', 0, 250),
(413, '571', '07/10/2022', 'Ruben Macas Jr', 'Justine Dagapioso', 'Medium', 'Premium', '0000', '9am', 'none', 0, 'none', 'none', 'none', 'none', 0, 0, 'none', 0, 500),
(414, '566', '07/13/2022', 'Ruben Macas Jr', 'Justine Dagapioso', 'Large', 'Premium', '000', '9am', 'none', 0, 'none', 'none', 'none', 'none', 0, 0, 'none', 0, 600),
(415, '575', '07/14/2022', 'Justine Dagapioso', 'JL Paredes', 'Small', 'Ultimate', 'Abc', '9am', 'none', 0, 'none', 'none', 'others', 'Site', 0, -100, 'none', 0, 540),
(416, '576', '07/14/2022', 'Arven Jay Saceda', 'Piolo Gabriel Rubio', 'Small', 'Ultimate', 'AAA-111', '9am', 'none', 0, 'none', 'none', 'others', 'Site', 0, 0, 'none', 0, 640),
(417, '578', '07/14/2022', 'Arven Jay Saceda', 'Piolo Gabriel Rubio', 'Small', 'Ultimate', 'AAZ 7889', '12pm', 'twenty', 0, 'none', 'Site discount ', 'others', 'None ', -128, 28, 'Worker-1 ( 07-14-2022 | 04:28:03 PM ) ', 0, 540),
(418, '577', '07/15/2022', 'Arven Jay Saceda', 'Justine Dagapioso', 'Large', 'Ultimate', 'WES 980', '9am', 'none', 0, 'none', 'none', 'none', 'none', 0, 0, 'none', 0, 850),
(419, '579', '07/15/2022', 'Justine Dagapioso', 'Arven Jay Saceda', 'Large', 'Premium', '0000', '12pm', 'none', 0, 'none', 'none', 'none', 'none', 0, 0, 'none', 0, 600),
(420, '582', '07/16/2022', 'Ruben Macas Jr', 'Piolo Gabriel Rubio', 'Medium', 'Ultimate', '0000', '9am', 'twenty', 0, 'none', 'Express Interior Detailing', 'others', 'Manegers discount', -140, 40, 'none', 0, 600),
(421, '583', '07/16/2022', 'Ruben Macas Jr', 'Others', 'Large', 'Premium', '0000', '12pm', 'twenty', 0, 'none', 'Site discount 100', 'others', 'Discount 100 site', -120, 20, 'none', 0, 500),
(422, '572', '07/17/2022', 'Piolo Gabriel Rubio', 'Arven Jay Saceda', 'Extra Large', 'Premium', 'KAC 3782', '12pm', 'twenty', 0, 'none', 'Site discount 100', 'others', 'Site ', -140, 40, 'none', 0, 600),
(423, '581', '07/17/2022', 'Piolo Gabriel Rubio', 'Arven Jay Saceda', 'Large', 'Premium', 'KAB 3204', '9am', 'none', 0, 'none', 'none', 'none', 'none', 0, 0, 'none', 0, 600),
(424, '587', '07/18/2022', 'Piolo Gabriel Rubio', 'Elbert Owen Francisco', 'Medium', 'Premium', 'KAN 3843', '12pm', 'none', 0, 'none', 'none', 'none', 'none', 0, 0, 'Worker-1 ( 07-18-2022 | 01:12:11 PM ) ', 0, 500),
(425, '590', '07/20/2022', 'Ruben Macas Jr', 'Others', 'Medium', 'Premium', 'NCG 4906', '9am', 'twenty', 0, 'none', 'Site discount 100', 'none', 'none', -100, 0, 'none', 0, 400),
(426, '591', '07/21/2022', 'Arven Jay Saceda', 'Piolo Gabriel Rubio', 'Large', 'Premium', 'KAA 2961', '12pm', 'none', 0, 'none', 'none', 'none', 'none', 0, 0, 'none', 0, 600),
(427, '592', '07/22/2022', 'Piolo Gabriel Rubio', 'Arven Jay Saceda', 'Large', 'Premium', '000', '3pm', 'twenty', 0, 'none', 'site discount 100', 'others', 'na', -120, 20, 'none', 0, 500),
(428, '593', '07/22/2022', 'Piolo Gabriel Rubio', 'Elbert Owen Francisco', 'Small', 'Premium', '0000', '12pm', 'thirty', 0, 'none', 'Site discount 100', 'others', 'na', -138, 38, 'none', 0, 360),
(429, '589', '07/23/2022', 'Piolo Gabriel Rubio', 'Others', 'Large', 'Premium', 'YJJ431', '3pm', 'none', 0, 'none', 'none', 'others', 'Done', 0, -100, 'none', 0, 500),
(430, '595', '07/23/2022', 'Piolo Gabriel Rubio', 'Others', 'Large', 'Premium', 'NCU 6169', '9am', 'none', 0, 'none', 'none', 'none', 'none', 0, 0, 'none', 0, 600),
(431, '596', '07/23/2022', 'Piolo Gabriel Rubio', 'Others', 'Large', 'Premium', 'LDP 1284', '12pm', 'none', 0, 'none', 'none', 'none', 'none', 0, 0, 'none', 0, 600),
(432, '597', '07/24/2022', 'Piolo Gabriel Rubio', 'Others', 'Large', 'Ultimate', 'GAB 5703', '9am', 'none', 0, 'none', 'none', 'none', 'none', 0, 0, 'none', 0, 850),
(433, '594', '07/24/2022', 'Piolo Gabriel Rubio', 'Others', 'Medium', 'Premium', 'YJG 485', '12pm', 'twenty', 0, 'none', 'Site discount 100', 'others', 'Done', -100, 0, 'Worker-1 ( 07-24-2022 | 04:54:15 PM ) ', 0, 400),
(434, '598', '07/24/2022', 'Piolo Gabriel Rubio', 'Others', 'Large', 'Premium', 'KAA 9487', '3pm', 'none', 0, 'none', 'none', 'none', 'none', 0, 0, 'none', 0, 600),
(435, '601', '07/25/2022', 'Ruben Macas Jr', 'Justine Dagapioso', 'Large', 'Premium', '0000', '9am', 'twenty', 0, 'none', 'Site less 100', 'others', 'na', -120, 20, 'none', 0, 500),
(436, '602', '07/25/2022', 'Ruben Macas Jr', 'Justine Dagapioso', 'Large', 'Express Interior Detailing', '0000', '12pm', 'ten', 0, 'none', 'Site discount 200', 'others', 'Na', -300, 100, 'none', 0, 2800),
(437, '599', '07/27/2022', 'Ruben Macas Jr', 'Justine Dagapioso', 'Large', 'Express Interior Detailing', '0000', '9am', 'ten', 0, 'none', 'Site discount 200', 'others', 'Na', -300, 100, 'none', 0, 2800),
(438, '603', '07/27/2022', 'Ruben Macas Jr', 'Justine Dagapioso', 'Medium', 'Premium', '0000', '12pm', 'twenty', 0, 'none', 'Site discount 100', 'none', 'none', -100, 0, 'none', 0, 400),
(439, '604', '07/27/2022', 'Ruben Macas Jr', 'Justine Dagapioso', 'Small', 'Premium', '0000', '3pm', 'thirty', 0, 'none', 'Site discount 100', 'others', 'Na', -138, 38, 'none', 0, 360),
(440, '606', '07/30/2022', 'Ruben Macas Jr', 'Justine Dagapioso', 'Large', 'Ultimate', '0000', '9am', 'none', 0, 'none', 'none', 'none', 'none', 0, 0, 'none', 0, 850),
(441, '609', '07/30/2022', 'Ruben Macas Jr', 'Arven Jay Saceda', 'Small', 'Premium', '070108', '12pm', 'thirty', 0, 'none', 'Site discount 100', 'others', 'Site', -138, 38, 'none', 0, 360),
(442, '607', '07/31/2022', 'Ruben Macas Jr', 'Justine Dagapioso', 'Large', 'Premium', '0000', '9am', 'twenty', 0, 'none', 'Site discount 100', 'others', 'Na', -120, 20, 'none', 0, 500),
(443, '608', '07/31/2022', 'Ruben Macas Jr', 'Justine Dagapioso', 'Large', 'Express Interior Detailing', '0000', '9am', 'ten', 0, 'none', 'Site discount 200', 'others', 'Na', -300, 100, 'none', 0, 2800),
(444, '612', '08/02/2022', 'Arven Jay Saceda', 'Others', 'Small', 'Ultimate', 'NAJ 9508', '9am', 'ten', 0, 'none', 'Site discount 100', 'others', 'Na', -64, -36, 'none', 0, 540),
(445, '615', '08/03/2022', 'Ruben Macas Jr', 'Elbert Owen Francisco', 'Large', 'Premium', '0000', '9am', 'twenty', 0, 'none', 'Site discount 100', 'others', 'Na', -120, 20, 'none', 0, 500),
(446, '616', '08/03/2022', 'Ruben Macas Jr', 'Elbert Owen Francisco', 'Large', 'Premium', '0000', '12pm', 'twenty', 0, 'none', 'Site discount 100', 'others', 'Na', -120, 20, 'none', 0, 500),
(447, '617', '08/03/2022', 'Ruben Macas Jr', 'Elbert Owen Francisco', 'Medium', 'Premium', '0000', '3pm', 'twenty', 0, 'none', 'Site discount 100', 'none', 'none', -100, 0, 'none', 0, 400),
(448, '618', '08/03/2022', 'Ruben Macas Jr', 'Elbert Owen Francisco', 'Large', 'Premium', '0000', '9am', 'twenty', 0, 'none', 'Site discount 100', 'others', 'Na', -120, 20, 'none', 0, 500),
(449, '620', '08/04/2022', 'Ruben Macas Jr', 'Piolo Gabriel Rubio', 'Extra Large', 'Ultimate', 'NGU 8643', '9am', 'ten', 0, 'none', 'Site discount 100', 'none', 'none', -100, 0, 'none', 0, 900),
(450, '614', '08/05/2022', 'Arven Jay Saceda', 'Elbert Owen Francisco', 'Large', 'Ultimate', '0000', '9am', 'thirty', 0, 'none', 'Managers discount 200', 'others', 'Na', -255, 55, 'none', 0, 650),
(451, '621', '08/05/2022', 'Arven Jay Saceda', 'Piolo Gabriel Rubio', 'Large', 'Premium', '0000', '12pm', 'twenty', 0, 'none', 'Site discount 100', 'others', 'Na ', -120, 20, 'none', 0, 500),
(452, '622', '08/05/2022', 'Arven Jay Saceda', 'Elbert Owen Francisco', 'Large', 'Premium', '0000', '3pm', 'twenty', 0, 'none', 'Discount 100 Site', 'others', 'Na', -120, 20, 'none', 0, 500),
(453, '623', '08/05/2022', 'Arven Jay Saceda', 'Others', 'Large', 'Ultimate', '0000', '3pm', 'ten', 0, 'none', 'Site discount 100', 'others', 'NA', -85, -15, 'none', 0, 750),
(454, '580', '08/06/2022', 'Arven Jay Saceda', 'Others', 'Large', 'Express Interior Detailing', '0000', '9am', 'ten', 0, 'none', 'Site discount 100', 'others', ' NA', -300, 100, 'none', 0, 2800),
(455, '613', '08/07/2022', 'Ruben Macas Jr', 'Justine Dagapioso', 'Large', 'Express Interior Detailing', 'KAD 1579', '9am', 'ten', 0, 'none', 'Site discount 200', 'others', 'Na', -300, 100, 'none', 0, 2800),
(456, '613', '08/07/2022', 'Ruben Macas Jr', 'Justine Dagapioso', 'Large', 'Express Interior Detailing', 'KAD 1579', '9am', 'ten', 0, 'none', 'Site discount 200', 'others', 'Na', -300, 100, 'none', 0, 2800),
(457, '624', '08/08/2022', 'Piolo Gabriel Rubio', 'Others', 'Large', 'Premium', '0000', '9am', 'none', 0, 'none', 'none', 'none', 'none', 0, 0, 'Worker-1 ( 08-08-2022 | 03:22:13 PM ) ', 0, 600),
(458, '625', '08/10/2022', 'Ruben Macas Jr', 'Justine Dagapioso', 'Large', 'Express Interior Detailing', '0000', '9am', 'none', 0, 'none', 'none', 'others', 'Travel fee', 0, 250, 'none', 0, 3250),
(459, '627', '08/11/2022', 'Arven Jay Saceda', 'Others', 'Large', 'Premium', '0000', '3pm', 'none', 0, 'none', 'none', 'none', 'none', 0, 0, 'none', 0, 600),
(460, '628', '08/13/2022', 'Ruben Macas Jr', 'Justine Dagapioso', 'Small', 'Express Interior Detailing', '0000', '9am', 'twenty', 0, 'none', 'Xoooomautospa site discount 200', 'others', 'Na', -500, 300, 'none', 0, 2300),
(461, '629', '08/13/2022', 'Ruben Macas Jr', 'Justine Dagapioso', 'Large', 'Express Interior Detailing', '0000', '9am', 'ten', 0, 'none', 'Site discount 200', 'others', 'Na', -300, 100, 'none', 0, 2800),
(462, '630', '08/13/2022', 'Ruben Macas Jr', 'Justine Dagapioso', 'Large', 'Express Interior Detailing', '0000', '9am', 'ten', 0, 'none', 'Site discount 200', 'others', 'Na', -300, 100, 'none', 0, 2800),
(463, '640', '08/14/2022', 'Ruben Macas Jr', 'Elbert Owen Francisco', 'Medium', 'Premium', '0000', '9am', 'none', 0, 'none', 'none', 'none', 'none', 0, 0, 'none', 0, 500),
(464, '642', '08/14/2022', 'Ruben Macas Jr', 'Arven Jay Saceda', 'Medium', 'Premium', '0000', '12pm', 'none', 0, 'none', 'none', 'none', 'none', 0, 0, 'none', 0, 500),
(465, '643', '08/14/2022', 'Ruben Macas Jr', 'Elbert Owen Francisco', 'Medium', 'Premium', '0000', '3pm', 'twenty', 0, 'none', 'Na', 'none', 'none', -100, 0, 'none', 0, 400),
(466, '645', '08/15/2022', 'Ruben Macas Jr', 'Arven Jay Saceda', 'Large', 'Premium', '0000', '12pm', 'none', 0, 'none', 'none', 'none', 'none', 0, 0, 'none', 0, 600),
(467, '646', '08/15/2022', 'Ruben Macas Jr', 'Elbert Owen Francisco', 'Large', 'Basic', '0000', '9am', 'none', 0, 'none', 'none', 'others', 'Onspot Detailing ', 0, 1450, 'none', 0, 1800),
(468, '649', '08/17/2022', 'Elbert Owen Francisco', 'Others', 'Large', 'OTHERS', '0000', '9am', 'none', 0, 'none', 'none', 'others', 'Headlight Restoration ', 0, 1000, 'none', 0, 1000),
(469, '650', '08/17/2022', 'Ruben Macas Jr', 'Arven Jay Saceda', 'Medium', 'Express Interior Detailing', '00000', '12pm', 'twenty', 0, 'none', 'Discount 200', 'others', 'Na', -560, 60, 'none', 0, 2300),
(470, '651', '08/17/2022', 'Ruben Macas Jr', 'Elbert Owen Francisco', 'Large', 'Express Interior Detailing', '0000', '3pm', 'ten', 0, 'none', 'Discount 200', 'others', 'Na', -300, 100, 'none', 0, 2800),
(471, '652', '08/17/2022', 'Arven Jay Saceda', 'Others', 'Medium', 'Premium', '0000', '3pm', 'twenty', 0, 'none', 'Site discount 100', 'others', 'NA', -100, 0, 'none', 0, 400),
(472, '654', '08/17/2022', 'Arven Jay Saceda', 'Others', 'Medium', 'Premium', 'KDO 7795', '9am', 'twenty', 0, 'none', 'Site discount 100', 'none', 'none', -100, 0, 'none', 0, 400),
(473, '653', '08/19/2022', 'Arven Jay Saceda', 'Others', 'Medium', 'Ultimate', 'WFS 351', '9am', 'ten', 0, 'none', 'Site discount 100', 'others', 'Na', -70, -30, 'none', 0, 600),
(474, '655', '08/19/2022', 'Arven Jay Saceda', 'Others', 'Large', 'Premium', '0000', '9am', 'none', 0, 'none', 'none', 'none', 'none', 0, 0, 'none', 0, 600),
(475, '656', '08/19/2022', 'Arven Jay Saceda', 'Others', 'Extra Large', 'Premium', '0000', '12pm', 'ten', 0, 'none', 'Site discount 100', 'others', 'Na', -70, -30, 'none', 0, 600),
(476, '647', '08/20/2022', 'Ruben Macas Jr', 'Elbert Owen Francisco', 'Large', 'Express Interior Detailing', '0000', '9am', 'ten', 0, 'none', 'Site discount 200', 'others', 'Na ', -300, 100, 'none', 0, 2800),
(477, '648', '08/20/2022', 'Ruben Macas Jr', 'Elbert Owen Francisco', 'Large', 'Express Interior Detailing', '0000', '9am', 'ten', 0, 'none', 'Discount 200 Site', 'others', 'Na', -300, 100, 'none', 0, 2800),
(478, '658', '08/21/2022', 'Ruben Macas Jr', 'none', 'Large', 'Premium', '0000', '12pm', 'none', 0, 'none', 'none', 'none', 'none', 0, 0, 'none', 0, 600),
(479, '659', '08/21/2022', 'Arven Jay Saceda', 'Elbert Owen Francisco', 'Small', 'Premium', '0000', '9am', 'none', 0, 'none', 'none', 'none', 'none', 0, 0, 'none', 0, 460),
(480, '660', '08/21/2022', 'Ruben Macas Jr', 'Arven & Elbert', 'Medium', 'Ultimate', '0000', '3pm', 'ten', 0, 'none', 'Site discount 100', 'others', 'na', -70, 70, 'Worker-1 ( 08-21-2022 | 06:19:13 PM ) ', 0, 700),
(481, '661', '08/21/2022', 'Elbert Owen Francisco', 'Arven Jay Saceda', 'Medium', 'Ultimate', '0000', '3pm', 'ten', 0, 'none', 'Site discount 100', 'others', 'Na', -70, 70, 'none', 0, 700),
(482, '663', '08/22/2022', 'Ruben Macas Jr', 'Elbert Owen Francisco', 'Medium', 'Premium', '0000', '12pm', 'twenty', 0, 'none', 'Site discount 100', 'none', 'none', -100, 0, 'none', 0, 400),
(483, '662', '08/23/2022', 'Ruben Macas Jr', 'Elbert Owen Francisco', 'Large', 'Premium', 'TQK 497', '9am', 'none', 0, 'none', 'none', 'none', 'none', 0, 0, 'none', 0, 600),
(484, '657', '08/24/2022', 'Ruben Macas Jr', 'Elbert Owen Francisco', 'Medium', 'Express Interior Detailing', '0000', '9am', 'twenty', 0, 'none', 'Discount 200 Site', 'others', 'Na', -560, 60, 'none', 0, 2300),
(485, '664', '08/25/2022', 'Elbert Owen Francisco', 'none', 'Small', 'Ultimate', '070108', '12pm', 'thirty', 0, 'none', 'Site', 'others', 'Site', -192, 92, 'none', 0, 540),
(486, '665', '08/26/2022', 'Elbert Owen Francisco', 'none', 'Large', 'Premium', '0000', '12pm', 'none', 0, 'none', 'none', 'none', 'none', 0, 0, 'none', 0, 600),
(487, '667', '08/27/2022', 'Arven Jay Saceda', 'Elbert Owen Francisco', 'Large', 'Premium', '0000', '12pm', 'none', 0, 'none', 'none', 'none', 'none', 0, 0, 'none', 0, 600),
(488, '666', '08/28/2022', 'Elbert Owen Francisco', 'Arven Jay Saceda', 'Medium', 'Express Interior Detailing', 'GAN 4705', '9am', 'thirty', 0, 'none', 'Promo', 'others', 'NA', -840, 140, 'none', 0, 2100),
(489, '668', '08/28/2022', 'Elbert Owen Francisco', 'Arven Jay Saceda', 'Large', 'Premium', 'WAI 360', '3pm', 'twenty', 0, 'none', 'Promo', 'others', 'NA', -120, 20, 'none', 0, 500),
(490, '670', '08/28/2022', 'Elbert Owen Francisco', 'Arven Jay Saceda', 'Large', 'Premium', 'KFN 379', '3pm', 'twenty', 0, 'none', 'Promo', 'others', 'NA', -120, 20, 'none', 0, 500),
(491, '672', '08/29/2022', 'Arven Jay Saceda', 'none', 'Large', 'Premium', 'NCU 6169', '9am', 'none', 0, 'none', 'none', 'none', 'none', 0, 0, 'none', 0, 600),
(492, '671', '08/29/2022', 'Arven Jay Saceda', 'none', 'Large', 'Premium', 'KAF 4399', '12pm', 'none', 0, 'none', 'none', 'none', 'none', 0, 0, 'none', 0, 600),
(493, '669', '08/30/2022', 'Elbert Owen Francisco', 'Others', 'Large', 'Premium', '0000', '9am', 'twenty', 0, 'none', 'Xoooomautospa site discount 100', 'others', 'Na', -120, 20, 'none', 0, 500),
(494, '673', '08/31/2022', 'Ruben Macas Jr', 'Arven & Elbert', 'Large', 'Premium', 'SR 18EF1', '9am', 'twenty', 0, 'none', 'Site discount 100', 'others', 'Na', -120, 20, 'none', 0, 500),
(495, '674', '08/31/2022', 'Arven & Elbert', 'none', 'Medium', 'Premium', '090810', '12pm', 'twenty', 0, 'none', 'Site discount 100', 'none', 'none', -100, 0, 'none', 0, 400),
(496, '676', '09/01/2022', 'Arianne Lloyd Gesulga', 'Elbert Owen Francisco', 'Large', 'Premium', 'XTL 380', '3pm', 'twenty', 0, 'none', 'Less 100 on site', 'others', 'NA', -120, 20, 'none', 0, 500),
(497, '675', '09/01/2022', 'Ruben Macas Jr', 'Elbert & Lloyd', 'Small', 'Premium', 'AAM 7988', '9am', 'thirty', 0, 'none', 'Site discount 100', 'others', 'NA', -138, 38, 'none', 0, 360),
(498, '678', '09/01/2022', 'Elbert Owen Francisco', 'Arianne Lloyd Gesulga', 'Large', 'Premium', '0000', '3pm', 'none', 0, 'none', 'none', 'none', 'none', 0, 0, 'none', 0, 600),
(499, '677', '09/01/2022', 'Elbert Owen Francisco', 'Arianne Lloyd Gesulga', 'Medium', 'Premium', 'NDK 8819', '3pm', 'twenty', 0, 'none', 'Site discount 100', 'none', 'none', -100, 0, 'none', 0, 400),
(500, '679', '09/02/2022', 'Ruben Macas Jr', 'Elbert & Lloyd', 'Medium', 'Premium', 'FAF 9005', '9am', 'none', 0, 'none', 'none', 'none', 'none', 0, 0, 'none', 0, 500),
(501, '680', '09/02/2022', 'Elbert Owen Francisco', 'Arven & Lloyd', 'Small', 'Premium', 'NHA 1660', '12pm', 'thirty', 0, 'none', 'Xoooomautospa site discount 100', 'others', 'Na', -138, 38, 'none', 0, 360),
(502, '681', '09/03/2022', 'Ruben Macas Jr', 'Elbert & Lloyd', 'Medium', 'Premium', '0000', '3pm', 'twenty', 0, 'none', 'Na', 'none', 'none', -100, 0, 'none', 0, 400),
(503, '682', '09/04/2022', 'Ruben Macas Jr', 'Elbert & Lloyd', 'Small', 'Express Interior Detailing', '0000', '9am', 'ten', 0, 'none', 'Site discount 200 ', 'others', 'Naa si arven ani sir ', -250, 50, 'none', 0, 2300),
(504, '683', '09/05/2022', 'Elbert Owen Francisco', 'Arianne Lloyd Gesulga', 'Large', 'Premium', 'XDS 599', '9am', 'twenty', 0, 'none', 'Site discount 100', 'others', 'NA', -120, 20, 'none', 0, 500),
(505, '684', '09/05/2022', 'Elbert Owen Francisco', 'Arianne Lloyd Gesulga', 'Large', 'Premium', 'JAF 9624', '12pm', 'twenty', 0, 'none', 'Site discount 100', 'others', 'NA', -120, 20, 'none', 0, 500),
(506, '685', '09/07/2022', 'Ruben Macas Jr', 'Elbert Owen Francisco', 'Large', 'Premium', '0000', '12pm', 'twenty', 0, 'none', 'Site discount 100', 'others', 'Na', -120, 20, 'none', 0, 500),
(507, '686', '09/07/2022', 'Ruben Macas Jr', 'Elbert Owen Francisco', 'Extra Large', 'Ultimate', 'GAM 8946', '3pm', 'none', 0, 'none', 'none', 'none', 'none', 0, 0, 'none', 0, 1000),
(508, '687', '09/11/2022', 'Ruben Macas Jr', 'Arven Jay Saceda', 'Medium', 'Premium', '0000', '9am', 'none', 0, 'none', 'none', 'none', 'none', 0, 0, 'none', 0, 500),
(509, '688', '09/11/2022', 'Ruben Macas Jr', 'Arven Jay Saceda', 'Medium', 'Premium', '0000', '12pm', 'none', 0, 'none', 'none', 'none', 'none', 0, 0, 'none', 0, 500),
(510, '689', '09/12/2022', 'Arianne Lloyd Gesulga', 'Elbert Owen Francisco', 'Large', 'Ultimate', 'NDP 6093', '9am', 'none', 0, 'none', 'none', 'others', 'Travel fee', 0, 150, 'none', 0, 1000),
(511, '691', '09/16/2022', 'Ruben Macas Jr', 'none', 'Medium', 'Ultimate', '0000', '12pm', 'twenty', 0, 'none', 'Stephanie Malaubang less 100', 'others', 'Na', -140, 40, 'none', 0, 600),
(512, '692', '09/18/2022', 'Ruben Macas Jr', 'Arven Jay Saceda', 'Large', 'Express Interior Detailing', 'KAD 6070', '9am', 'twenty', 0, 'none', 'Site discount 400', 'others', 'Interior and Exterior Detailing ', -600, 3200, 'none', 0, 5600),
(513, '694', '09/19/2022', 'Arianne Lloyd Gesulga', 'Elbert Owen Francisco', 'Medium', 'Ultimate', 'ABB 7607', '9am', 'twenty', 0, 'none', 'Site discount 100', 'others', 'Na', -140, 40, 'none', 0, 600),
(514, '695', '09/19/2022', 'Arianne Lloyd Gesulga', 'Elbert Owen Francisco', 'Large', 'Premium', 'KAP 1914', '12pm', 'twenty', 0, 'none', 'Site discount 100', 'others', 'Na', -120, 20, 'none', 0, 500),
(515, '695', '09/19/2022', 'Arianne Lloyd Gesulga', 'Elbert Owen Francisco', 'Large', 'Premium', 'KAP 1914', '12pm', 'twenty', 0, 'none', 'Site discount 100', 'others', 'Na', -120, 20, 'none', 0, 500),
(516, '696', '09/20/2022', 'Elbert Owen Francisco', 'none', 'Large', 'Premium', '0000', '9am', 'twenty', 0, 'none', 'Site discount 100', 'others', 'NA', -120, 20, 'none', 0, 500),
(517, '697', '09/20/2022', 'Elbert Owen Francisco', 'none', 'Medium', 'Premium', '0000', '3pm', 'none', 0, 'none', 'none', 'none', 'none', 0, 0, 'none', 0, 500),
(518, '698', '09/20/2022', 'Elbert Owen Francisco', 'none', 'Medium', 'Basic', '0000', '3pm', 'none', 0, 'none', 'none', 'none', 'none', 0, 0, 'none', 0, 300),
(519, '699', '09/21/2022', 'Elbert Owen Francisco', 'none', 'Large', 'Premium', 'KAC 3286', '9am', 'twenty', 0, 'none', 'Less 100 on site', 'others', 'NA', -120, 20, 'none', 0, 500),
(520, '700', '09/21/2022', 'Elbert Owen Francisco', 'none', 'Large', 'Ultimate', 'KDK 900', '3pm', 'twenty', 0, 'none', 'Less 100 on site', 'others', 'Na', -170, 70, 'none', 0, 750),
(521, '693', '09/22/2022', 'Arianne Lloyd Gesulga', 'Elbert Owen Francisco', 'Large', 'Express Interior Detailing', '0000', '9am', 'ten', 0, 'none', 'Less 200 Onsite ', 'others', 'Na', -300, 100, 'none', 0, 2800),
(522, '702', '09/25/2022', 'Ruben Macas Jr', 'Arven & Elbert', 'Medium', 'Express Interior Detailing', 'NBP 6135', '9am', 'ten', 0, 'none', 'Site discount 200 ', 'others', 'Na', -280, 80, 'none', 0, 2600),
(523, '704', '09/26/2022', 'Arianne Lloyd Gesulga', 'Elbert Owen Francisco', 'Large', 'Premium', 'KAF 5671', '12pm', 'twenty', 0, 'none', 'Site discount 100', 'others', 'Na', -120, 20, 'none', 0, 500),
(524, '705', '09/27/2022', 'Ruben Macas Jr', 'Arianne Lloyd Gesulga', 'Medium', 'Express Interior Detailing', 'UTI199', '9am', 'fifty', 0, 'none', 'Onspot Detailing 1500', 'others', 'Na', -1400, 100, 'none', 0, 1500),
(525, '706', '09/27/2022', 'Elbert Owen Francisco', 'none', 'Medium', 'Ultimate', '0000', '3pm', 'none', 0, 'none', 'none', 'none', 'none', 0, 0, 'none', 0, 700),
(526, '707', '09/28/2022', 'Arianne Lloyd Gesulga', 'none', 'Small', 'Premium', '0000', '9am', 'thirty', 0, 'none', 'Site discount 100', 'others', 'Na', -138, 38, 'none', 0, 360),
(527, '708', '09/28/2022', 'Arianne Lloyd Gesulga', 'none', 'Large', 'Premium', 'JAF 9624', '12pm', 'twenty', 0, 'none', 'Site discount 100', 'others', 'Na', -120, 20, 'none', 0, 500),
(528, '709', '09/28/2022', 'Arianne Lloyd Gesulga', 'none', 'Medium', 'Premium', 'NEK 1259', '3pm', 'twenty', 0, 'none', 'Site discount 100', 'none', 'none', -100, 0, 'none', 0, 400),
(529, '713', '09/29/2022', 'Arianne Lloyd Gesulga', 'none', 'Medium', 'Premium', 'ZLA 388', '9am', 'twenty', 0, 'none', 'Site discount 100', 'none', 'none', -100, 0, 'none', 0, 400),
(530, '714', '09/30/2022', 'Ruben Macas Jr', 'none', 'Large', 'Express Interior Detailing', 'AAZ 6258', '9am', 'ten', 0, 'none', 'Site discount 200', 'others', 'Na', -300, 100, 'none', 0, 2800),
(531, '715', '10/01/2022', 'Ruben Macas Jr', 'Arven & Lloyd', 'Medium', 'Express Interior Detailing', '0000', '9am', 'ten', 0, 'none', 'Discount 200 Site', 'others', 'Na', -280, 80, 'none', 0, 2600),
(532, '710', '10/02/2022', 'Arven Jay Saceda', 'Ruben Macas Jr', 'Small', 'Premium', 'KAB-2687', '9am', 'none', 0, 'none', 'none', 'none', 'none', 0, 0, 'Worker-1 ( 10-02-2022 | 02:45:52 PM ) ', 0, 460),
(533, '711', '10/02/2022', 'Arven Jay Saceda', 'Ruben Macas Jr', 'Large', 'Premium', 'KCU 6060', '9am', 'none', 0, 'none', 'none', 'none', 'none', 0, 0, 'none', 0, 600),
(534, '712', '10/02/2022', 'Arven Jay Saceda', 'Ruben Macas Jr', 'Large', 'Premium', 'KAG 1287', '9am', 'none', 0, 'none', 'none', 'none', 'none', 0, 0, 'none', 0, 600),
(535, '716', '10/02/2022', 'Arven Jay Saceda', 'Ruben Macas Jr', 'Large', 'Premium', 'KBZ 170', '12pm', 'none', 0, 'none', 'none', 'none', 'none', 0, 0, 'none', 0, 600),
(536, '717', '10/05/2022', 'Elbert Owen Francisco', 'none', 'Small', 'OTHERS', '0000', '12pm', 'none', 0, 'none', 'none', 'others', 'Na', 0, 1300, 'none', 0, 1300),
(537, '719', '10/07/2022', 'Elbert Owen Francisco', 'none', 'Large', 'Ultimate', '000', '9am', 'twenty', 0, 'none', 'Site discount 100', 'others', 'Na', -170, 70, 'none', 0, 750),
(538, '720', '10/08/2022', 'Ruben Macas Jr', 'none', 'Medium', 'Premium', 'GAB 6798', '12pm', 'none', 0, 'none', 'none', 'none', 'none', 0, 0, 'none', 0, 500),
(539, '721', '10/08/2022', 'Ruben Macas Jr', 'none', 'Small', 'Basic', '0000', '3pm', 'twenty', 0, 'none', 'Na', 'others', 'Na', -56, 26, 'none', 0, 250),
(540, '722', '10/09/2022', 'Ruben Macas Jr', 'Arven Jay Saceda', 'Medium', 'Premium', '0000', '9am', 'twenty', 0, 'none', 'Less 100 on site', 'none', 'none', -100, 0, 'none', 0, 400),
(541, '723', '10/09/2022', 'Ruben Macas Jr', 'Arven Jay Saceda', 'Large', 'Premium', '0000', '12pm', 'twenty', 0, 'none', 'Site discount 100', 'others', 'Na', -120, 20, 'none', 0, 500),
(542, '724', '10/10/2022', 'Ruben Macas Jr', 'Elbert Owen Francisco', 'Large', 'Express Interior Detailing', 'AAN 4983', '12pm', 'ten', 0, 'none', 'Site discount 200 ', 'others', 'Na', -300, 100, 'none', 0, 2800),
(543, '725', '10/11/2022', 'Elbert Owen Francisco', 'Arianne Lloyd Gesulga', 'Medium', 'Express Interior Detailing', 'ZGZ 487', '9am', 'ten', 0, 'none', 'Site discount 200', 'others', 'Na', -280, 80, 'none', 0, 2600),
(544, '726', '10/13/2022', 'Elbert Owen Francisco', 'Arianne Lloyd Gesulga', 'Small', 'Premium', '0000', '3pm', 'none', 0, 'none', 'none', 'none', 'none', 0, 0, 'none', 0, 460),
(545, '727', '10/13/2022', 'Elbert Owen Francisco', 'Arianne Lloyd Gesulga', 'Extra Large', 'Premium', '0000', '3pm', 'twenty', 0, 'none', 'Site discount 100', 'others', 'Na', -140, 40, 'none', 0, 600),
(546, '728', '10/14/2022', 'Arianne Lloyd Gesulga', 'Elbert Owen Francisco', 'Medium', 'Premium', '0000', '3pm', 'none', 0, 'none', 'none', 'none', 'none', 0, 0, 'none', 0, 500),
(547, '730', '10/18/2022', 'Elbert Owen Francisco', 'Vincent Legaspi', 'Small', 'Express Interior Detailing', 'KAB 6485', '9am', 'ten', 0, 'none', 'Site discount 200', 'others', 'Na', -250, 50, 'none', 0, 2300),
(548, '732', '10/18/2022', 'Elbert Owen Francisco', 'Vincent Legaspi', 'Medium', 'Premium', 'GAB 5703', '3pm', 'none', 0, 'none', 'none', 'none', 'none', 0, 0, 'none', 0, 500),
(549, '731', '10/19/2022', 'Elbert Owen Francisco', 'Vincent Legaspi', 'Small', 'OTHERS', '0000', '9am', 'none', 0, 'none', 'none', 'others', 'Na', 0, 1060, 'none', 0, 1060),
(550, '734', '10/19/2022', 'Elbert Owen Francisco', 'Vincent Legaspi', 'Small', 'OTHERS', '0000', '3pm', 'none', 0, 'none', 'none', 'others', 'Na', 0, 180, 'none', 0, 180),
(551, '735', '10/20/2022', 'Ruben Macas Jr', 'Vincent Legaspi', 'Large', 'Express Interior Detailing', 'GEB 0000', '12pm', 'none', 0, 'none', 'none', 'none', 'none', 0, 0, 'none', 0, 3000),
(552, '736', '10/23/2022', 'Ruben Macas Jr', 'Arven & Vincent', 'Large', 'Premium', 'KAF 5671', '9am', 'none', 0, 'none', 'none', 'none', 'none', 0, 0, 'none', 0, 600),
(553, '737', '10/24/2022', 'Ruben Macas Jr', 'Vincent Legaspi', 'Large', 'Premium', 'KAP 1914', '9am', 'thirty', 0, 'none', 'Na', 'others', 'Less 100 site and loyalty card', -180, 30, 'none', 0, 450),
(554, '739', '10/27/2022', 'Elbert & Lloyd', 'Vincent Legaspi', 'Large', 'Premium', 'NGF 5085', '9am', 'twenty', 0, 'none', 'Site discount 100', 'others', 'Na', -120, 20, 'none', 0, 500),
(555, '738', '10/27/2022', 'Elbert & Lloyd', 'Vincent Legaspi', 'Small', 'Premium', 'KER 486', '9am', 'thirty', 0, 'none', 'Site discount 100', 'others', 'Na', -138, 38, 'none', 0, 360),
(556, '740', '10/27/2022', 'Elbert & Lloyd', 'Vincent Legaspi', 'Small', 'Premium', 'NBW 5793', '3pm', 'thirty', 0, 'none', 'Site discount 100', 'others', 'Na', -138, 38, 'none', 0, 360),
(557, '741', '10/27/2022', 'Elbert & Lloyd', 'Vincent Legaspi', 'Large', 'Premium', 'KAB 1737', '3pm', 'twenty', 0, 'none', 'Site discount 100', 'others', 'Na', -120, 20, 'none', 0, 500),
(558, '744', '10/29/2022', 'Ruben Macas Jr', 'Elbert & Lloyd', 'Medium', 'Premium', 'KAF 3280', '9am', 'none', 0, 'none', 'none', 'others', 'Travel fee', 0, 300, 'Worker-1 ( 10-29-2022 | 05:38:34 PM ) ', 0, 800),
(559, '745', '10/29/2022', 'Ruben Macas Jr', 'Elbert & Lloyd', 'Medium', 'Premium', 'GAC 7216', '3pm', 'twenty', 0, 'none', 'Site discount 100', 'none', 'none', -100, 0, 'none', 0, 400),
(560, '746', '10/31/2022', 'Arven & Vincent', 'Elbert & Lloyd', 'Medium', 'Premium', '0000', '9am', 'none', 0, 'none', 'none', 'none', 'none', 0, 0, 'none', 0, 500),
(561, '747', '10/31/2022', 'Elbert & Lloyd', 'Arven & Vincent', 'Medium', 'Premium', '0000', '12pm', 'none', 0, 'none', 'none', 'none', 'none', 0, 0, 'none', 0, 500),
(562, '748', '10/31/2022', 'Arven & Elbert', 'Lloyd & Vincent', 'Large', 'Premium', 'NMO 782', '12pm', 'none', 0, 'none', 'none', 'none', 'none', 0, 0, 'none', 0, 600),
(563, '751', '11/03/2022', 'Ruben Macas Jr', 'Lloyd & Vincent', 'Medium', 'OTHERS', 'NDD 8054', '12pm', 'none', 0, 'none', 'none', 'others', 'Headlight Restoration less 33% w/ travel fee', 0, 1199, 'none', 0, 1199),
(564, '753', '11/03/2022', 'Ruben Macas Jr', 'Lloyd & Vincent', 'Large', 'OTHERS', '0000', '9am', 'none', 0, 'none', 'none', 'others', 'Headlight Restoration Less 33%', 0, 999, 'none', 0, 999),
(565, '755', '11/03/2022', 'Arianne Lloyd Gesulga', 'Vincent Legaspi', 'Small', 'Premium', '070108', '3pm', 'thirty', 0, 'none', 'Site discount 100', 'others', 'Na', -138, 38, 'none', 0, 360),
(566, '750', '11/05/2022', 'Ruben Macas Jr', 'Elbert & Lloyd', 'Large', 'Express Interior Detailing', '0000', '9am', 'ten', 0, 'none', 'Na', 'others', 'Na', -300, 100, 'none', 0, 2800),
(567, '758', '11/05/2022', 'Ruben Macas Jr', 'Elbert & Lloyd', 'Large', 'Premium', '0000', '3pm', 'ten', 0, 'none', 'Na', 'others', 'Na', -60, 210, 'none', 0, 750),
(568, '762', '11/06/2022', 'Vincent Legaspi', 'Arven Jay Saceda', 'Medium', 'Premium', '0000', '12pm', 'none', 0, 'none', 'none', 'none', 'none', 0, 0, 'none', 0, 500),
(569, '761', '11/06/2022', 'Arven Jay Saceda', 'Vincent Legaspi', 'Large', 'Premium', '0000', '9am', 'none', 0, 'none', 'none', 'none', 'none', 0, 0, 'none', 0, 600),
(570, '760', '11/06/2022', 'Ruben Macas Jr', 'Arianne Lloyd Gesulga', 'Large', 'Ultimate', '0000', '9am', 'twenty', 0, 'none', 'Site discount 100', 'others', 'Na', -170, 70, 'none', 0, 750),
(571, '756', '11/06/2022', 'Lloyd & Vincent', 'Ruben Macas Jr', 'Large', 'Express Interior Detailing', 'KAA 6783', '9am', 'ten', 0, 'none', 'Site discount 200', 'others', 'Na', -300, 100, 'none', 0, 2800),
(572, '757', '11/06/2022', 'Ruben & Lloyd', 'Arven & Vincent', 'Medium', 'Express Interior Detailing', 'NDK 8819', '9am', 'ten', 0, 'none', 'Site discount 200', 'others', 'Na', -280, 80, 'none', 0, 2600),
(573, '763', '11/07/2022', 'Arianne Lloyd Gesulga', 'Elbert Owen Francisco', 'Large', 'Premium', 'LAJ 6264', '9am', 'twenty', 0, 'none', 'Site discount 100', 'others', 'Na', -120, 20, 'Worker-1 ( 11-07-2022 | 04:23:03 PM ) ', 0, 500),
(574, '764', '11/07/2022', 'Arven & Elbert', 'Arianne Lloyd Gesulga', 'Large', 'Express Interior Detailing', '0000', '12pm', 'ten', 0, 'none', 'Site discount 200', 'others', 'Na', -300, 100, 'none', 0, 2800),
(575, '765', '11/07/2022', 'Arianne Lloyd Gesulga', 'Arven & Elbert', 'Large', 'Express Interior Detailing', 'FOK 008', '3pm', 'ten', 0, 'none', 'Na', 'others', 'Na', -300, 300, 'Worker-1 ( 11-07-2022 | 05:46:36 PM ) ', 0, 3000),
(576, '767', '11/09/2022', 'Elbert & Lloyd', 'Vincent Legaspi', 'Extra Large', 'Express Interior Detailing', 'ABQ 8834', '9am', 'none', 0, 'none', 'none', 'others', 'Na', 0, 400, 'none', 0, 3900),
(577, '752', '11/10/2022', 'Arianne Lloyd Gesulga', 'Elbert Owen Francisco', 'Large', 'Express Interior Detailing', 'KAF 2427', '9am', 'ten', 0, 'none', 'Na', 'others', 'Na', -300, 100, 'none', 0, 2800),
(578, '768', '11/11/2022', 'Elbert Owen Francisco', 'Vincent Legaspi', 'Small', 'Express Interior Detailing', 'AAZ 7702', '9am', 'ten', 0, 'none', 'Site discount 200 ', 'others', 'Na', -250, 50, 'none', 0, 2300),
(579, '769', '11/12/2022', 'Arven Jay Saceda', 'none', 'Large', 'Premium', 'KAG 7006', '9am', 'ten', 0, 'none', 'Discount 100 Site', 'others', 'Na', -60, -40, 'none', 0, 500),
(580, '766', '11/12/2022', 'Arianne Lloyd Gesulga', 'none', 'Small', 'OTHERS', 'LMY 199', '9am', 'none', 0, 'none', 'none', 'others', 'Na', 0, 999, 'none', 0, 999),
(581, '770', '11/12/2022', 'Arianne Lloyd Gesulga', 'Arven Jay Saceda', 'Large', 'Premium', 'KGN 196', '9am', 'twenty', 0, 'none', 'Site discount 100', 'others', 'Na', -120, 20, 'none', 0, 500),
(582, '772', '11/12/2022', 'Arven Jay Saceda', 'Arianne Lloyd Gesulga', 'Large', 'Ultimate', 'NBT 6661', '3pm', 'ten', 0, 'none', 'Site discount 100', 'others', 'NA', -85, -15, 'none', 0, 750),
(583, '773', '11/13/2022', 'Elbert Owen Francisco', 'none', 'Medium', 'OTHERS', '0000', '9am', 'none', 0, 'none', 'none', 'others', 'Na ', 0, 1180, 'none', 0, 1180),
(584, '774', '11/13/2022', 'Elbert Owen Francisco', 'none', 'Large', 'Premium', '0000', '9am', 'twenty', 0, 'none', 'Site discount 100', 'others', 'Na', -120, 20, 'none', 0, 500),
(585, '771', '11/13/2022', 'Arven & Lloyd', 'none', 'Large', 'Express Interior Detailing', '0000', '9am', 'none', 0, 'none', 'none', 'others', 'Na', 0, 350, 'none', 0, 3350),
(586, '776', '11/16/2022', 'Elbert Owen Francisco', 'Vincent Legaspi', 'Medium', 'Premium', '0000', '9am', 'none', 0, 'none', 'none', 'none', 'none', 0, 0, 'none', 0, 500);
INSERT INTO `service_commissions` (`commission_id`, `cust_id`, `date`, `personnel`, `partner`, `size`, `type`, `plate`, `time`, `discount`, `service_manager_discount`, `promo_code`, `discount_notes`, `additional_charge_type`, `additional_notes`, `discount_amount`, `others_amount`, `edit_logs`, `vat`, `total`) VALUES
(587, '777', '11/16/2022', 'Elbert Owen Francisco', 'Vincent Legaspi', 'Large', 'Premium', 'SB B937', '12pm', 'twenty', 0, 'none', 'Site discount 100', 'others', 'Na', -120, 20, 'none', 0, 500),
(588, '778', '11/17/2022', 'Elbert Owen Francisco', 'Arianne Lloyd Gesulga', 'Medium', 'Premium', '0000', '9am', 'none', 0, 'none', 'none', 'none', 'none', 0, 0, 'none', 0, 500),
(589, '779', '11/18/2022', 'Vincent Legaspi', 'Elbert Owen Francisco', 'Medium', 'Premium', '000', '9am', 'none', 0, 'none', 'none', 'none', 'none', 0, 0, 'none', 0, 500),
(590, '780', '11/20/2022', 'Arven & Elbert', 'none', 'Medium', 'Premium', 'KDO 7795', '9am', 'twenty', 0, 'none', 'Na', 'none', 'none', -100, 0, 'none', 0, 400),
(591, '781', '11/20/2022', 'Elbert Owen Francisco', 'Arven Jay Saceda', 'Large', 'Premium', '0000', '3pm', 'none', 0, 'none', 'none', 'none', 'none', 0, 0, 'none', 0, 600),
(592, '785', '11/21/2022', 'Elbert Owen Francisco', 'Vincent Legaspi', 'Medium', 'Express Interior Detailing', '000', '3pm', 'twenty', 0, 'none', 'Na', 'others', 'Na', -560, 60, 'none', 0, 2300),
(593, '787', '11/23/2022', 'Ruben Macas Jr', 'Arven & Vincent', 'Large', 'Ultimate', 'KAB 8670', '12pm', 'ten', 0, 'none', '-15', 'others', 'NA', -85, -15, 'none', 0, 750),
(594, '788', '11/24/2022', 'Elbert Owen Francisco', 'Arianne Lloyd Gesulga', 'Large', 'Express Interior Detailing', 'kac 9538', '9am', 'ten', 0, 'none', 'Site discount 200', 'others', 'Na', -300, 100, 'none', 0, 2800),
(595, '789', '11/24/2022', 'Elbert Owen Francisco', 'Arianne Lloyd Gesulga', 'Small', 'Premium', '0000', '9am', 'forty', 0, 'none', 'Card Less 10% site discount 100', 'others', 'Na', -184, 38, 'none', 0, 314),
(596, '791', '11/25/2022', 'Arven Jay Saceda', 'Vincent Legaspi', 'Small', 'Premium', 'KCB 5350', '12pm', 'twenty', 0, 'none', 'Site discount 100', 'others', 'NA', -92, -8, 'none', 0, 360),
(597, '790', '11/25/2022', 'Arven Jay Saceda', 'Vincent Legaspi', 'Medium', 'Ultimate', 'KAG 4618', '9am', 'ten', 0, 'none', 'Promo', 'others', 'NA', -70, -30, 'none', 0, 600),
(598, '792', '11/26/2022', 'Ruben Macas Jr', 'none', 'Large', 'Premium', 'JAF 9624', '3pm', 'twenty', 0, 'none', 'Less 100 on site', 'others', 'Na', -120, 20, 'none', 0, 500),
(599, '793', '11/27/2022', 'Ruben Macas Jr', 'Arven Jay Saceda', 'Large', 'Premium', 'KAF 7053', '9am', 'none', 0, 'none', 'none', 'none', 'none', 0, 0, 'none', 0, 600),
(600, '795', '11/28/2022', 'Elbert Owen Francisco', 'Arven & Vincent', 'Large', 'Premium', 'KAB 3165', '12pm', 'twenty', 0, 'none', 'Site discount 100', 'others', 'Na', -120, 20, 'none', 0, 500),
(601, '796', '11/28/2022', 'Vincent Legaspi', 'Arianne Lloyd Gesulga', 'Small', 'OTHERS', '000', '9am', 'none', 0, 'none', 'none', 'others', 'Na', 0, 180, 'none', 0, 180),
(602, '797', '11/28/2022', 'Elbert Owen Francisco', 'Arven & Vincent', 'Large', 'OTHERS', 'PMI 165', '9am', 'none', 0, 'none', 'none', 'others', 'Na', 0, 1000, 'none', 0, 1000),
(603, '794', '11/29/2022', 'Elbert Owen Francisco', 'Lloyd & Vincent', 'Large', 'OTHERS', '0000', '9am', 'none', 0, 'none', 'none', 'others', 'Na', 0, 3600, 'none', 0, 3600),
(604, '786', '12/03/2022', 'Ruben Macas Jr', 'Elbert Owen Francisco', 'Medium', 'Express Interior Detailing', 'NTQ 852', '9am', 'twenty', 0, 'none', 'Site discount 200', 'others', 'Na', -560, 160, 'none', 0, 2400),
(605, '799', '12/03/2022', 'Ruben Macas Jr', 'Elbert Owen Francisco', 'Medium', 'Premium', 'KAN 3843', '12pm', 'twenty', 0, 'none', 'Xoooomautospa site discount 100', 'none', 'none', -100, 0, 'none', 0, 400),
(606, '800', '12/03/2022', 'Ruben Macas Jr', 'Elbert Owen Francisco', 'Large', 'Ultimate', '0000', '3pm', 'twenty', 0, 'none', 'Site discount 100', 'others', 'Na', -170, 70, 'none', 0, 750),
(607, '801', '12/03/2022', 'Elbert Owen Francisco', 'Ruben Macas Jr', 'Medium', 'OTHERS', '0000', '9am', 'none', 0, 'none', 'none', 'others', 'Na', 0, 500, 'none', 0, 500),
(608, '802', '12/04/2022', 'Arianne Lloyd Gesulga', 'Arven Jay Saceda', 'Small', 'Basic', '0000', '9am', 'forty', 0, 'none', 'Site discount 100', 'others', 'Na', -112, 12, 'none', 0, 180),
(609, '803', '12/04/2022', 'Arven Jay Saceda', 'Arianne Lloyd Gesulga', 'Large', 'Premium', 'KAA 2961', '12pm', 'none', 0, 'none', 'none', 'none', 'none', 0, 0, 'none', 0, 600),
(610, '804', '12/06/2022', 'Arianne Lloyd Gesulga', 'none', 'Large', 'Ultimate', 'KAG 2224', '9am', 'twenty', 0, 'none', 'Site', 'others', 'Na', -170, 70, 'none', 0, 750),
(611, '805', '12/08/2022', 'Ruben Macas Jr', 'Arianne Lloyd Gesulga', 'Large', 'Express Interior Detailing', 'KGK 321', '9am', 'none', 0, 'none', 'none', 'none', 'none', 0, 0, 'none', 0, 3000),
(612, '806', '12/09/2022', 'Arianne Lloyd Gesulga', 'none', 'Medium', 'Basic', 'ZDY 934', '12pm', 'none', 0, 'none', 'none', 'others', 'Na', 0, 699, 'none', 0, 999),
(613, '807', '12/10/2022', 'Ruben Macas Jr', 'Elbert Owen Francisco', 'Small', 'Express Interior Detailing', '0000', '12pm', 'sixty', 0, 'none', 'Na', 'none', 'none', -1500, 0, 'none', 0, 1000),
(614, '808', '12/11/2022', 'Ruben Macas Jr', 'Arven Jay Saceda', 'Large', 'Premium', '0000', '9am', 'ten', 0, 'none', 'Suki card ', 'none', 'none', -60, 0, 'none', 0, 540),
(615, '809', '12/12/2022', 'Ruben Macas Jr', 'Arven Jay Saceda', 'Small', 'Basic', 'Na', '3pm', 'forty', 0, 'none', 'Na', 'others', 'Site discount 100', -112, 12, 'none', 0, 180),
(616, '813', '12/18/2022', 'Ruben Macas Jr', 'none', 'Medium', 'Ultimate', 'GAQ 6145', '9am', 'none', 0, 'none', 'none', 'none', 'none', 0, 0, 'none', 0, 700),
(617, '812', '12/18/2022', 'Ruben Macas Jr', 'Vincent Legaspi', 'Large', 'Express Interior Detailing', '0000', '9am', 'ten', 0, 'none', 'Na', 'others', 'Stephanie Less 100', -300, 200, 'none', 0, 2900),
(618, '814', '12/18/2022', 'Ruben Macas Jr', 'none', 'Small', 'Basic', '846KOF', '3pm', 'forty', 0, 'none', 'Site discount 100', 'others', 'Less 100', -112, 12, 'none', 0, 180),
(619, '815', '12/19/2022', 'Ruben Macas Jr', 'none', 'Large', 'Premium', 'KAF 4399', '3pm', 'none', 0, 'none', 'none', 'none', 'none', 0, 0, 'none', 0, 600),
(620, '816', '12/19/2022', 'Ruben Macas Jr', 'none', 'Large', 'OTHERS', 'KDO 9884', '9am', 'none', 0, 'none', 'none', 'others', 'Headlight Restoration promo 999', 0, 999, 'none', 0, 999),
(621, '817', '12/20/2022', 'Ruben Macas Jr', 'Arianne Lloyd Gesulga', 'Large', 'Ultimate', '0000', '12pm', 'none', 0, 'none', 'none', 'none', 'none', 0, 0, 'none', 0, 850),
(622, '820', '12/21/2022', 'Ruben Macas Jr', 'Elbert Owen Francisco', 'Large', 'Express Interior Detailing', 'KFK 438', '3pm', 'sixty', 0, 'none', 'Spot detailing 1200', 'none', 'none', -1800, 0, 'none', 0, 1200),
(623, '821', '12/21/2022', 'Ruben Macas Jr', 'Elbert Owen Francisco', 'Medium', 'Express Interior Detailing', '0000', '9am', 'seventy', 0, 'none', 'Head Restoration 999', 'others', 'Headlight Restoration ', -1960, 159, 'none', 0, 999),
(624, '811', '12/22/2022', 'Arianne Lloyd Gesulga', 'Elbert & Vincent', 'Small', 'Premium', 'Kck 460', '9am', 'thirty', 0, 'none', 'Site discount 100', 'others', 'Na', -138, 38, 'none', 0, 360),
(625, '819', '12/22/2022', 'Arianne Lloyd Gesulga', 'Elbert & Vincent', 'Small', 'Premium', 'NGJ 8627', '9am', 'thirty', 0, 'none', 'Site discount 100', 'others', 'Na', -138, 38, 'none', 0, 360),
(626, '822', '12/22/2022', 'Elbert Owen Francisco', 'Lloyd & Vincent', 'Medium', 'Premium', '0000', '12pm', 'twenty', 0, 'none', 'Less 100 on site', 'others', 'Na', -100, 0, 'none', 0, 400),
(627, '824', '12/23/2022', 'Others', 'none', 'Large', 'Premium', '0000', '9am', 'twenty', 0, 'none', 'Site discount 100', 'others', 'Na', -120, 20, 'none', 0, 500),
(628, '823', '12/23/2022', 'Elbert Owen Francisco', 'Arianne Lloyd Gesulga', 'Large', 'Express Interior Detailing', 'AQJ 351', '9am', 'none', 0, 'none', 'none', 'none', 'none', 0, 0, 'none', 0, 3000),
(629, '831', '12/26/2022', 'Others', 'none', 'Medium', 'Express Interior Detailing', '0000', '9am', 'ten', 0, 'none', 'Less 200 Onsite ', 'others', 'Si Owen and Arvin and Rubin and Vincent nag clean sir', -280, 80, 'none', 0, 2600),
(630, '830', '12/26/2022', 'Others', 'none', 'Small', 'Express Interior Detailing', '0000', '9am', 'ten', 0, 'none', 'Site discount 200', 'others', 'Rubin & Elbert & Vincent & Arvin nag detailing sir', -250, 50, 'none', 0, 2300),
(631, '829', '12/26/2022', 'Admin', 'none', 'Medium', 'OTHERS', '0000', '9am', 'none', 0, 'none', 'none', 'others', 'Elbert&Vincent&Arvin&Rubin nag spot detailing ', 0, 1800, 'none', 0, 1800),
(632, '825', '12/27/2022', 'Ruben Macas Jr', 'Arianne Lloyd Gesulga', 'Small', 'Express Interior Detailing', '0000', '9am', 'ten', 0, 'none', 'Na', 'others', 'Site less 200', -250, 50, 'none', 0, 2300),
(633, '828', '12/27/2022', 'Elbert Owen Francisco', 'Arven & Vincent', 'Small', 'Express Interior Detailing', '0000', '9am', 'none', 0, 'none', 'none', 'none', 'none', 0, 0, 'none', 0, 2500),
(634, '834', '12/28/2022', 'Ruben Macas Jr', 'Arianne Lloyd Gesulga', 'Small', 'Express Interior Detailing', '0000', '9am', 'none', 0, 'none', 'none', 'none', 'none', 0, 0, 'none', 0, 2500),
(635, '840', '12/29/2022', 'Vincent Legaspi', 'none', 'Small', 'Ultimate', '00000', '9am', 'none', 0, 'none', 'none', 'none', 'none', 0, 0, 'none', 0, 640),
(636, '837', '12/29/2022', 'Ruben Macas Jr', 'Arven & Vincent', 'Large', 'Express Interior Detailing', '00000', '9am', 'none', 0, 'none', 'none', 'none', 'none', 0, 0, 'none', 0, 3000),
(637, '841', '12/29/2022', 'Ruben Macas Jr', 'Vincent Legaspi', 'Large', 'Express Interior Detailing', '0000', '9am', 'twenty', 0, 'none', '2500', 'others', '2500 nabahaan ', -600, 100, 'none', 0, 2500),
(638, '849', '12/30/2022', 'Ruben Macas Jr', 'none', 'Medium', 'Express Interior Detailing', '0000', '9am', 'none', 0, 'none', 'none', 'others', '10% JR 10% RUBEN', 0, 200, 'none', 0, 3000),
(639, '845', '12/30/2022', 'Ruben Macas Jr', 'none', 'Medium', 'Express Interior Detailing', '0000', '9am', 'seventy', 0, 'none', 'Na', 'others', 'Na', -1960, 160, 'none', 0, 1000),
(640, '848', '12/30/2022', 'Arven Jay Saceda', 'none', 'Small', 'Basic', '0000', '9am', 'forty', 0, 'none', 'Na', 'others', 'Na', -112, 12, 'none', 0, 180),
(641, '844', '12/30/2022', 'Vincent Legaspi', 'Arven Jay Saceda', 'Small', 'Premium', '0000', '9am', 'thirty', 0, 'none', 'Na', 'others', 'Na', -138, 38, 'none', 0, 360),
(642, '844', '12/30/2022', 'Vincent Legaspi', 'Arven Jay Saceda', 'Small', 'Premium', '0000', '9am', 'thirty', 0, 'none', 'Na', 'others', 'Na', -138, 38, 'none', 0, 360),
(643, '850', '12/30/2022', 'Arven Jay Saceda', 'none', 'Small', 'Basic', '0000', '9am', 'fifty', 0, 'none', 'Na', 'others', 'Na', -140, 40, 'none', 0, 180),
(644, '833', '12/31/2022', 'Ruben Macas Jr', 'Vincent Legaspi', 'Small', 'Express Interior Detailing', '0000', '9am', 'none', 0, 'none', 'none', 'others', 'Full detail and baklas', 0, 500, 'none', 0, 3000),
(645, '838', '01/02/2023', 'Ruben Macas Jr', 'Arven & Vincent', 'Large', 'Express Interior Detailing', '0000', '9am', 'ten', 0, 'none', 'Site discount 200', 'others', 'Na', -300, 100, 'none', 0, 2800),
(646, '857', '01/03/2023', 'Ruben Macas Jr', 'Elbert Owen Francisco', 'Medium', 'Premium', '0000', '9am', 'twenty', 0, 'none', 'Site discount 100', 'none', 'none', -100, 0, 'none', 0, 400),
(647, '827', '01/03/2023', 'Vincent Legaspi', 'none', 'Large', 'Ultimate', '0000', '9am', 'none', 0, 'none', 'none', 'others', 'Headlight Restoration 999', 0, 149, 'none', 0, 999),
(648, '861', '01/04/2023', 'Arven Jay Saceda', 'none', 'Medium', 'Express Interior Detailing', '00000', '9am', 'none', 0, 'none', 'none', 'others', 'None', 0, 900, 'Worker-1 ( 01-04-2023 | 01:37:32 PM ) ', 0, 3700),
(649, '836', '01/04/2023', 'Admin', 'none', 'Small', 'Express Interior Detailing', '0000', '9am', 'none', 0, 'none', 'none', 'others', 'FULLY PAID', 0, 500, 'none', 0, 3000),
(650, '843', '01/04/2023', 'Ruben Macas Jr', 'Vincent Legaspi', 'Small', 'Express Interior Detailing', '0000', '9am', 'none', 0, 'none', 'none', 'others', 'Ruben - interior\r\nVIncent - exterior\r\n', 0, 2500, 'none', 0, 5000),
(651, '851', '01/04/2023', 'Ruben Macas Jr', 'none', 'Large', 'Ultimate', '0000', '3pm', 'ten', 0, 'none', 'Site discount 100', 'others', 'None', -85, -15, 'none', 0, 750),
(652, '852', '01/04/2023', 'Ruben Macas Jr', 'none', 'Small', 'Basic', '0000', '9am', 'ten', 0, 'none', 'Site discount 100', 'others', 'Na', -28, -2, 'none', 0, 250),
(653, '863', '01/04/2023', 'Elbert Owen Francisco', 'none', 'Large', 'OTHERS', '00000', '9am', 'none', 0, 'none', 'none', 'others', 'Fogging ', 0, 250, 'none', 0, 250),
(654, '858', '01/04/2023', 'Elbert Owen Francisco', 'Admin', 'Large', 'Express Interior Detailing', '0000', '9am', 'ten', 0, 'none', 'Less 200 Onsite ', 'others', 'Partner JR junito', -300, 100, 'none', 0, 2800),
(655, '847', '01/05/2023', 'Elbert Owen Francisco', 'Arven Jay Saceda', 'Medium', 'Express Interior Detailing', 'DOHY 612', '9am', 'ten', 0, 'none', 'Less 200 Onsite ', 'others', 'Na', -280, 80, 'none', 0, 2600),
(656, '842', '01/05/2023', 'Elbert Owen Francisco', 'Arven Jay Saceda', 'Large', 'Express Interior Detailing', '0000', '9am', 'none', 0, 'none', 'none', 'others', 'Na', 0, 1000, 'none', 0, 4000),
(657, '853', '01/06/2023', 'Vincent Legaspi', 'Junito Llamas Jr', 'Large', 'Ultimate', '00000', '9am', 'none', 0, 'none', 'none', 'none', 'none', 0, 0, 'none', 0, 850),
(658, '864', '01/06/2023', 'Vincent Legaspi', 'Junito Llamas Jr', 'Medium', 'Express Interior Detailing', '00000', '9am', 'none', 0, 'none', 'none', 'others', 'Na', 0, 1000, 'none', 0, 3800),
(659, '865', '01/06/2023', 'Elbert Owen Francisco', 'Arven & Lloyd', 'Large', 'Premium', 'JAF 9624', '3pm', 'twenty', 0, 'none', 'Site discount 100', 'others', 'Na', -120, 20, 'none', 0, 500),
(660, '866', '01/06/2023', 'Vincent Legaspi', 'Junito Llamas Jr', 'Large', 'Ultimate', '00000', '3pm', 'none', 0, 'none', 'none', 'none', 'none', 0, 0, 'none', 0, 850),
(661, '867', '01/06/2023', 'Arianne Lloyd Gesulga', 'none', 'Large', 'Express Interior Detailing', '0000', '9am', 'thirty', 0, 'none', 'Uncle sir lov vin', 'others', 'Na', -900, 1500, 'none', 0, 3600),
(662, '855', '01/07/2023', 'Elbert Owen Francisco', 'Arianne Lloyd Gesulga', 'Large', 'Express Interior Detailing', '0000', '9am', 'ten', 0, 'none', 'Site discount 200 ', 'others', 'Na', -300, 100, 'none', 0, 2800),
(663, '826', '01/07/2023', 'Ruben Macas Jr', 'Arven & Vincent', 'Small', 'Premium', '0000', '9am', 'none', 0, 'none', 'none', 'others', 'Travel fee', 0, 100, 'none', 0, 560),
(664, '870', '01/07/2023', 'Ruben Macas Jr', 'Arven & Vincent', 'Large', 'Premium', '0000', '9am', 'none', 0, 'none', 'none', 'others', 'Travel fee', 0, 100, 'none', 0, 700),
(665, '871', '01/07/2023', 'Ruben Macas Jr', 'Arven & Vincent', 'Large', 'Premium', '0000', '9am', 'none', 0, 'none', 'none', 'others', 'Travel fee', 0, 100, 'none', 0, 700),
(666, '872', '01/07/2023', 'Ruben Macas Jr', 'Arven & Vincent', 'Large', 'Premium', '0000', '3pm', 'none', 0, 'none', 'none', 'none', 'none', 0, 0, 'none', 0, 600),
(667, '873', '01/07/2023', 'Ruben Macas Jr', 'Arven & Vincent', 'Large', 'Premium', '0000', '3pm', 'none', 0, 'none', 'none', 'none', 'none', 0, 0, 'none', 0, 600),
(668, '874', '01/07/2023', 'Ruben Macas Jr', 'Arven & Vincent', 'Large', 'Ultimate', '0000', '12pm', 'none', 0, 'none', 'none', 'others', 'Travel fee', 0, 150, 'none', 0, 1000),
(669, '877', '01/08/2023', 'Elbert Owen Francisco', 'Arven & Vincent', 'Large', 'Express Interior Detailing', 'GLA 298', '12pm', 'ten', 0, 'none', 'Site discount 200', 'others', 'Na', -300, 100, 'none', 0, 2800),
(670, '878', '01/09/2023', 'Junito Llamas Jr', 'Elbert & Vincent', 'Medium', 'Express Interior Detailing', 'TMQ 174', '12pm', 'ten', 0, 'none', 'Site discount 200', 'others', 'Na', -280, 80, 'none', 0, 2600),
(671, '882', '01/10/2023', 'Arven Jay Saceda', 'none', 'Medium', 'Premium', '0000', '3pm', 'seventy', 0, 'none', 'Discount 50%', 'others', 'Na', -350, 30, 'none', 0, 180),
(672, '868', '01/10/2023', 'Vincent Legaspi', 'Junito Llamas Jr', 'Medium', 'Express Interior Detailing', '0000', '9am', 'ten', 0, 'none', 'Discount 100 Site', 'others', 'None', -280, 80, 'none', 0, 2600),
(673, '869', '01/12/2023', 'Ruben Macas Jr', 'Arven Jay Saceda', 'Large', 'Express Interior Detailing', '0000', '9am', 'none', 0, 'none', 'none', 'others', 'Travel fee', 0, 250, 'none', 0, 3250),
(674, '879', '01/12/2023', 'Junito Llamas Jr', 'Elbert & Lloyd', 'Large', 'Express Interior Detailing', '0000', '9am', 'none', 0, 'none', 'none', 'others', 'Exterior and interior detailing', 0, 3500, 'none', 0, 6500),
(675, '875', '01/12/2023', 'Ruben Macas Jr', 'Arven Jay Saceda', 'Extra Large', 'Express Interior Detailing', '0000', '9am', 'none', 0, 'none', 'none', 'none', 'none', 0, 0, 'none', 0, 3500),
(676, '884', '01/12/2023', 'Junito Llamas Jr', 'Elbert Owen Francisco', 'Large', 'Premium', '0000', '9am', 'none', 0, 'none', 'none', 'none', 'none', 0, 0, 'none', 0, 600),
(677, '885', '01/14/2023', 'Arven & Vincent', 'none', 'Large', 'Ultimate', 'EPP 444', '9am', 'none', 0, 'none', 'none', 'none', 'none', 0, 0, 'none', 0, 850),
(678, '886', '01/14/2023', 'Arianne Lloyd Gesulga', 'none', 'Large', 'Ultimate', '00000', '12pm', 'ten', 0, 'none', 'Site discount 100', 'others', 'NA', -85, -15, 'none', 0, 750),
(679, '881', '01/16/2023', 'Vincent Legaspi', 'none', 'Large', 'Ultimate', '0000', '9am', 'none', 0, 'none', 'none', 'others', 'Headlight Restoration 999', 0, 149, 'none', 0, 999),
(680, '889', '01/16/2023', 'Arven Jay Saceda', 'Vincent Legaspi', 'Large', 'Premium', '0000', '9am', 'none', 0, 'none', 'none', 'none', 'none', 0, 0, 'none', 0, 600),
(681, '890', '01/16/2023', 'Vincent Legaspi', 'Junito Llamas Jr', 'Small', 'Express Interior Detailing', '0000', '12pm', 'ten', 0, 'none', 'Discount 100', 'others', 'Na', -250, 50, 'none', 0, 2300),
(682, '891', '01/16/2023', 'Vincent Legaspi', 'Junito Llamas Jr', 'Large', 'Ultimate', '0000', '3pm', 'twenty', 0, 'none', 'Discount 100', 'others', 'Na', -170, 70, 'none', 0, 750),
(683, '883', '01/17/2023', 'Junito Llamas Jr', 'Vincent Legaspi', 'Medium', 'Express Interior Detailing', '0000', '9am', 'ten', 0, 'none', 'Less 200 Onsite ', 'others', 'NA', -280, 80, 'none', 0, 2600),
(684, '895', '01/17/2023', 'Vincent Legaspi', 'Junito Llamas Jr', 'Large', 'Ultimate', 'KDK 900', '12pm', 'ten', 0, 'none', '100 discount ', 'others', 'Na', -85, -15, 'none', 0, 750),
(685, '888', '01/19/2023', 'Arven & Vincent', 'Junito Llamas Jr', 'Large', 'Express Interior Detailing', 'GED 6793', '9am', 'none', 0, 'none', 'none', 'others', 'Na', 0, 4500, 'none', 0, 7500),
(686, '899', '01/19/2023', 'Arven & Vincent', 'Junito Llamas Jr', 'Small', 'Express Interior Detailing', '0000', '12pm', 'none', 0, 'none', 'none', 'others', 'Na', 0, 3700, 'none', 0, 6200),
(687, '896', '01/20/2023', 'Vincent Legaspi', 'none', 'Large', 'Express Interior Detailing', '00000', '9am', 'none', 0, 'none', 'none', 'none', 'none', 0, 0, 'none', 0, 3000),
(688, '902', '01/20/2023', 'Arven Jay Saceda', 'Junito Llamas Jr', 'Medium', 'Express Interior Detailing', '00000', '3pm', 'ten', 0, 'none', 'Site discount 200', 'others', 'NA', -280, 280, 'none', 0, 2800),
(689, '880', '01/21/2023', 'Ruben Macas Jr', 'Arven Jay Saceda', 'Medium', 'Express Interior Detailing', '0000', '9am', 'none', 0, 'none', 'none', 'others', '2800 + 400 travel fee oroquieta', 0, 400, 'none', 0, 3200),
(690, '900', '01/21/2023', 'Elbert Owen Francisco', 'Junito Llamas Jr', 'Medium', 'Express Interior Detailing', '0000', '12pm', 'none', 0, 'none', 'none', 'others', '200 travel fee + 3500 exterior detailing', 0, 900, 'none', 0, 3700),
(691, '907', '01/22/2023', 'Junito Llamas Jr', 'Arven Jay Saceda', 'Medium', 'Express Interior Detailing', '0000', '3pm', 'none', 0, 'none', 'none', 'others', 'With baklas ', 0, 1200, 'none', 0, 4000),
(692, '903', '01/22/2023', 'Ruben Macas Jr', 'Elbert Owen Francisco', 'Large', 'Premium', '0000', '9am', 'twenty', 0, 'none', 'Site discount 100', 'others', 'Na', -120, 20, 'none', 0, 500),
(693, '904', '01/22/2023', 'Ruben Macas Jr', 'none', 'Large', 'Express Interior Detailing', '00000', '9am', 'fifty', 0, 'none', 'Spot detailing 1500', 'none', 'none', -1500, 0, 'none', 0, 1500),
(694, '908', '01/23/2023', 'Ruben Macas Jr', 'Elbert Owen Francisco', 'Large', 'Express Interior Detailing', 'YDY 225', '9am', 'seventy', 0, 'none', 'Head Restoration 999', 'others', 'Na', -2100, 99, 'none', 0, 999),
(695, '910', '01/23/2023', 'Vincent Legaspi', 'none', 'Small', 'Express Interior Detailing', '00000', '9am', 'none', 0, 'none', 'none', 'others', 'Na', 0, -1500, 'none', 0, 1000),
(696, '901', '01/23/2023', 'Elbert Owen Francisco', 'none', 'Medium', 'Ultimate', '0000', '9am', 'none', 0, 'none', 'none', 'others', 'Na', 0, 150, 'none', 0, 850),
(697, '893', '01/23/2023', 'Ruben Macas Jr', 'Vincent Legaspi', 'Large', 'Express Interior Detailing', '0000', '9am', 'none', 0, 'none', 'none', 'others', 'Managers Discount ', 0, 600, 'none', 0, 3600),
(698, '911', '01/24/2023', 'Ruben Macas Jr', 'Elbert Owen Francisco', 'Medium', 'Premium', '0000', '12pm', 'twenty', 0, 'none', 'Less 100 on site', 'none', 'none', -100, 0, 'none', 0, 400),
(699, '909', '01/24/2023', 'Vincent Legaspi', 'none', 'Medium', 'Ultimate', '00000', '9am', 'none', 0, 'none', 'none', 'none', 'none', 0, 0, 'none', 0, 700),
(700, '912', '01/24/2023', 'Vincent Legaspi', 'none', 'Medium', 'Premium', '00000', '12pm', 'none', 0, 'none', 'none', 'none', 'none', 0, 0, 'none', 0, 500),
(701, '898', '01/24/2023', 'Elbert Owen Francisco', 'Ruben Macas Jr', 'Large', 'Express Interior Detailing', '0000', '9am', 'none', 0, 'none', 'none', 'others', 'Na', 0, 1499, 'none', 0, 4499),
(702, '913', '01/26/2023', 'Ruben Macas Jr', 'none', 'Medium', 'Premium', '0000', '9am', 'twenty', 0, 'none', 'Discount 100', 'none', 'none', -100, 0, 'none', 0, 400),
(703, '905', '01/26/2023', 'Ruben & Lloyd', 'Elbert & Vincent', 'Large', 'Express Interior Detailing', '0000', '9am', 'none', 0, 'none', 'none', 'others', 'Home service fee', 0, 300, 'Worker-1 ( 01-26-2023 | 07:36:25 PM ) ', 0, 3300),
(704, '906', '01/26/2023', 'Ruben & Lloyd', 'Elbert & Vincent', 'Large', 'Express Interior Detailing', '0000', '9am', 'none', 0, 'none', 'none', 'others', '3,600 exterior detailing + 300 home service', 0, 3900, 'Worker-1 ( 01-26-2023 | 07:39:40 PM ) ', 0, 6900),
(705, '914', '01/27/2023', 'Junito Llamas Jr', 'Arven Jay Saceda', 'Small', 'Ultimate', '0000', '9am', 'none', 0, 'none', 'none', 'others', 'Less 100', 0, -100, 'none', 0, 540),
(706, '915', '01/27/2023', 'Arven Jay Saceda', 'none', 'Medium', 'Ultimate', '0000', '12pm', 'none', 0, 'none', 'none', 'others', 'Less 100', 0, -100, 'none', 0, 600),
(707, '916', '01/27/2023', 'Junito Llamas Jr', 'none', 'Large', 'Premium', '0000', '12pm', 'none', 0, 'none', 'none', 'others', 'Less 100', 0, -100, 'none', 0, 500),
(708, '919', '01/28/2023', 'Ruben Macas Jr', 'Arven Jay Saceda', 'Medium', 'Premium', '00000', '12pm', 'none', 0, 'none', 'none', 'none', 'none', 0, 0, 'none', 0, 500),
(709, '920', '01/28/2023', 'Ruben Macas Jr', 'Arven Jay Saceda', 'Large', 'Premium', '0000', '3pm', 'none', 0, 'none', 'none', 'none', 'none', 0, 0, 'none', 0, 600),
(710, '921', '01/28/2023', 'Ruben Macas Jr', 'Arven Jay Saceda', 'Small', 'Ultimate', '0000', '12pm', 'none', 0, 'none', 'none', 'none', 'none', 0, 0, 'none', 0, 640),
(711, '923', '01/31/2023', 'Vincent Legaspi', 'Elbert & Lloyd', 'Large', 'Express Interior Detailing', '0000', '9am', 'ten', 0, 'none', 'Site discount 200', 'others', 'Na', -300, 100, 'none', 0, 2800),
(712, '924', '01/31/2023', 'Ruben Macas Jr', 'none', 'Large', 'Express Interior Detailing', '0000', '9am', 'ten', 0, 'none', 'Site discount 200', 'others', 'Na', -300, 100, 'none', 0, 2800),
(713, '927', '01/31/2023', 'Elbert Owen Francisco', 'Junito Llamas Jr', 'Small', 'Premium', '0000', '9am', 'thirty', 0, 'none', 'Site discount 100', 'others', 'Na', -138, 38, 'none', 0, 360),
(714, '925', '02/01/2023', 'Vincent Legaspi', 'none', 'Medium', 'OTHERS', '00000', '9am', 'none', 0, 'none', 'none', 'others', 'Na', 0, 999, 'none', 0, 999),
(715, '926', '02/01/2023', 'Elbert Owen Francisco', 'Junito Llamas Jr', 'Small', 'Express Interior Detailing', '00000', '9am', 'twenty', 0, 'none', 'Site discount 200', 'others', 'Na', -500, 300, 'none', 0, 2300),
(716, '929', '02/02/2023', 'Ruben Macas Jr', 'Elbert & Vincent', 'Large', 'Ultimate', '0000', '12pm', 'twenty', 0, 'none', 'Site discount 100', 'others', 'Na', -170, 70, 'none', 0, 750),
(717, '930', '02/03/2023', 'Elbert & Vincent', 'Ruben Macas Jr', 'Small', 'Express Interior Detailing', 'Mag 304', '9am', 'none', 0, 'none', 'none', 'others', 'Na', 0, 1000, 'none', 0, 3500),
(718, '931', '02/03/2023', 'Elbert Owen Francisco', 'Vincent Legaspi', 'Medium', 'Premium', '00000', '12pm', 'twenty', 0, 'none', 'Less 100 on site', 'none', 'none', -100, 0, 'none', 0, 400),
(719, '917', '02/04/2023', 'Arven Jay Saceda', 'none', 'Large', 'Express Interior Detailing', '0000', '9am', 'none', 0, 'none', 'none', 'others', 'NA', 0, 900, 'none', 0, 3900),
(720, '932', '02/04/2023', 'Arven Jay Saceda', 'none', 'Medium', 'Ultimate', '0000', '9am', 'none', 0, 'none', 'none', 'others', '-', 0, -100, 'none', 0, 600),
(721, '935', '02/05/2023', 'Vincent Legaspi', 'Elbert Owen Francisco', 'Large', 'Express Interior Detailing', '0000', '9am', 'none', 0, 'none', 'none', 'others', 'Na', 0, 300, 'none', 0, 3300),
(722, '936', '02/05/2023', 'Junito Llamas Jr', 'none', 'Extra Large', 'Premium', 'NGU 8643', '9am', 'none', 0, 'none', 'none', 'others', 'Na', 0, -100, 'none', 0, 600),
(723, '937', '02/05/2023', 'Junito Llamas Jr', 'Elbert Owen Francisco', 'Small', 'Premium', '0000', '9am', 'none', 0, 'none', 'none', 'none', 'none', 0, 0, 'none', 0, 460),
(724, '940', '02/06/2023', 'Vincent Legaspi', 'Junito Llamas Jr', 'Small', 'Basic', '0000', '12pm', 'none', 0, 'none', 'none', 'others', 'Na', 0, -100, 'none', 0, 180),
(725, '918', '02/06/2023', 'Elbert Owen Francisco', 'Junito Llamas Jr', 'Medium', 'Premium', '00000', '9am', 'none', 0, 'none', 'none', 'none', 'none', 0, 0, 'none', 0, 500),
(726, '941', '02/07/2023', 'Elbert Owen Francisco', 'Vincent Legaspi', 'Large', 'Express Interior Detailing', '000', '9am', 'none', 0, 'none', 'none', 'none', 'none', 0, 0, 'none', 0, 3000),
(727, '943', '02/07/2023', 'Vincent Legaspi', 'Elbert Owen Francisco', 'Small', 'Basic', '0000', '3pm', 'none', 0, 'none', 'none', 'others', 'NA', 0, -100, 'none', 0, 180),
(728, '933', '02/08/2023', 'Vincent Legaspi', 'Elbert Owen Francisco', 'Large', 'Express Interior Detailing', 'DCP 8002', '9am', 'none', 0, 'none', 'none', 'others', 'na', 0, -200, 'none', 0, 2800),
(729, '944', '02/08/2023', 'Ruben Macas Jr', 'none', 'Medium', 'Express Interior Detailing', '0000', '3pm', 'ten', 0, 'none', 'Site discount 200', 'others', 'Na', -280, 80, 'none', 0, 2600),
(730, '945', '02/09/2023', 'Ruben Macas Jr', 'Arven Jay Saceda', 'Large', 'Express Interior Detailing', '0000', '9am', 'none', 0, 'none', 'none', 'others', 'Baklas ', 0, 2000, 'none', 0, 5000),
(731, '946', '02/10/2023', 'Junito Llamas Jr', 'none', 'Large', 'Premium', '0000', '9am', 'none', 0, 'none', 'none', 'none', 'none', 0, 0, 'none', 0, 600),
(732, '947', '02/11/2023', 'Arven Jay Saceda', 'Vincent Legaspi', 'Large', 'Premium', '00000', '12pm', 'none', 0, 'none', 'none', 'none', 'none', 0, 0, 'none', 0, 600),
(733, '938', '02/11/2023', 'Arven Jay Saceda', 'none', 'Medium', 'Premium', '0000', '9am', 'none', 0, 'none', 'none', 'none', 'none', 0, 0, 'none', 0, 500),
(734, '939', '02/11/2023', 'Elbert Owen Francisco', 'Vincent Legaspi', 'Large', 'Premium', '0000', '9am', 'none', 0, 'none', 'none', 'none', 'none', 0, 0, 'none', 0, 600),
(735, '922', '02/12/2023', 'Elbert & Vincent', 'Junito Llamas Jr', 'Large', 'Express Interior Detailing', 'KAB 6296', '9am', 'none', 0, 'none', 'none', 'others', 'Na', 0, 800, 'none', 0, 3800),
(736, '950', '02/12/2023', 'Elbert & Vincent', 'Junito Llamas Jr', 'Medium', 'Premium', '00000', '9am', 'none', 0, 'none', 'none', 'others', 'Na', 0, -100, 'none', 0, 400),
(737, '952', '02/12/2023', 'Arven Jay Saceda', 'Ruben Macas Jr', 'Large', 'Premium', '00000', '9am', 'none', 0, 'none', 'none', 'none', 'none', 0, 0, 'Worker-1 ( 02-12-2023 | 03:22:29 PM ) ', 0, 600),
(738, '952', '02/12/2023', 'Arven Jay Saceda', 'Ruben Macas Jr', 'Large', 'Premium', '00000', '9am', 'none', 0, 'none', 'none', 'none', 'none', 0, 0, 'Worker-1 ( 02-12-2023 | 03:22:29 PM ) ', 0, 600),
(739, '953', '02/12/2023', 'Ruben Macas Jr', 'Arven Jay Saceda', 'Small', 'Ultimate', '00000', '9am', 'none', 0, 'none', 'none', 'none', 'none', 0, 0, 'none', 0, 640),
(740, '951', '02/12/2023', 'Arven Jay Saceda', 'Ruben Macas Jr', 'Large', 'Ultimate', '00000', '9am', 'none', 0, 'none', 'none', 'none', 'none', 0, 0, 'none', 0, 850),
(741, '954', '02/12/2023', 'Ruben & Lloyd', 'Junito Llamas Jr', 'Large', 'Express Interior Detailing', '00000', '9am', 'ten', 0, 'none', 'Site discount 200', 'others', 'Si Elbert nang Lloyd sir Kay walay partner si rubin og elbert ', -300, 100, 'none', 0, 2800),
(742, '955', '02/12/2023', 'Ruben & Lloyd', 'Junito Llamas Jr', 'Large', 'OTHERS', 'KDD 661', '12pm', 'none', 0, 'none', 'none', 'others', 'Si Elbert nang Lloyd sir ', 0, 1500, 'none', 0, 1500),
(743, '948', '02/13/2023', 'Elbert & Vincent', 'Junito Llamas Jr', 'Large', 'Express Interior Detailing', '0000', '9am', 'ten', 0, 'none', 'Site discount 200', 'others', 'Na ', -300, 100, 'none', 0, 2800);

-- --------------------------------------------------------

--
-- Table structure for table `users`
--

CREATE TABLE `users` (
  `user_id` int NOT NULL,
  `username` varchar(50) NOT NULL,
  `password` varchar(50) NOT NULL,
  `user_type` varchar(30) NOT NULL
) ENGINE=InnoDB DEFAULT CHARSET=utf8mb4 COLLATE=utf8mb4_0900_ai_ci;

--
-- Dumping data for table `users`
--

INSERT INTO `users` (`user_id`, `username`, `password`, `user_type`) VALUES
(1, 'admin', '123', 'Admin'),
(2, 'xoooomadmin', 'vinnix$2021', 'Admin');

-- --------------------------------------------------------

--
-- Table structure for table `worker`
--

CREATE TABLE `worker` (
  `worker_id` int NOT NULL,
  `name` varchar(50) NOT NULL,
  `username` varchar(50) NOT NULL,
  `password` varchar(50) NOT NULL,
  `user_type` varchar(50) CHARACTER SET utf8mb4 COLLATE utf8mb4_0900_ai_ci NOT NULL,
  `status` varchar(50) NOT NULL
) ENGINE=InnoDB DEFAULT CHARSET=utf8mb4 COLLATE=utf8mb4_0900_ai_ci;

--
-- Dumping data for table `worker`
--

INSERT INTO `worker` (`worker_id`, `name`, `username`, `password`, `user_type`, `status`) VALUES
(6, 'Admin', 'admin', 'admin_1', 'Admin', 'active'),
(7, 'Others', 'others', 'others_1', 'Staff', 'active'),
(8, 'Ruben Macas Jr', 'rubenmacas', 'xoooomozamiz', 'Staff', 'active'),
(13, 'Arven Jay Saceda', 'arvenjaysaceda', 'xoooomozamiz', 'Staff', 'active'),
(15, 'Elbert Owen Francisco', 'elbertowenfrancisco', 'xoooomozamiz', 'Staff', 'active'),
(16, 'Arven & Elbert', 'arvenelbert', 'xoooomozamiz', 'Staff', 'active'),
(17, 'Arianne Lloyd Gesulga', 'lloydgesulga', 'xoooomozamiz', 'Staff', 'active'),
(18, 'Elbert & Lloyd', 'elbertlloyd', 'xoooomozamiz', 'Staff', 'active'),
(19, 'Arven & Lloyd', 'arvenlloyd', 'xoooomozamiz', 'Staff', 'active'),
(20, 'Vincent Legaspi', 'vincentlegaspi', 'xoooomozamiz', 'Staff', 'active'),
(21, 'Arven & Vincent', 'arvenvincent', 'xoooomozamiz', 'Staff', 'active'),
(22, 'Elbert & Vincent', 'elbertvincent', 'xoooomozamiz', 'Staff', 'active'),
(23, 'Lloyd & Vincent', 'lloydvincent', 'xoooomozamiz', 'Staff', 'active'),
(24, 'Ruben & Lloyd', 'rubenlloyd', 'xoooomozamiz', 'Staff', 'active'),
(25, 'Junito Llamas Jr', 'junitollamasjr', 'xoooomozamiz', 'Staff', 'active');

--
-- Indexes for dumped tables
--

--
-- Indexes for table `customer`
--
ALTER TABLE `customer`
  ADD PRIMARY KEY (`customer_id`);

--
-- Indexes for table `job_list`
--
ALTER TABLE `job_list`
  ADD PRIMARY KEY (`job_id`);

--
-- Indexes for table `product_commissions`
--
ALTER TABLE `product_commissions`
  ADD PRIMARY KEY (`product_commission_id`);

--
-- Indexes for table `product_item_orders`
--
ALTER TABLE `product_item_orders`
  ADD PRIMARY KEY (`product_item_order_id`);

--
-- Indexes for table `service_commissions`
--
ALTER TABLE `service_commissions`
  ADD PRIMARY KEY (`commission_id`);

--
-- Indexes for table `users`
--
ALTER TABLE `users`
  ADD PRIMARY KEY (`user_id`);

--
-- Indexes for table `worker`
--
ALTER TABLE `worker`
  ADD PRIMARY KEY (`worker_id`);

--
-- AUTO_INCREMENT for dumped tables
--

--
-- AUTO_INCREMENT for table `customer`
--
ALTER TABLE `customer`
  MODIFY `customer_id` int NOT NULL AUTO_INCREMENT, AUTO_INCREMENT=956;

--
-- AUTO_INCREMENT for table `job_list`
--
ALTER TABLE `job_list`
  MODIFY `job_id` int NOT NULL AUTO_INCREMENT, AUTO_INCREMENT=874;

--
-- AUTO_INCREMENT for table `product_commissions`
--
ALTER TABLE `product_commissions`
  MODIFY `product_commission_id` int NOT NULL AUTO_INCREMENT, AUTO_INCREMENT=119;

--
-- AUTO_INCREMENT for table `product_item_orders`
--
ALTER TABLE `product_item_orders`
  MODIFY `product_item_order_id` int NOT NULL AUTO_INCREMENT, AUTO_INCREMENT=57;

--
-- AUTO_INCREMENT for table `service_commissions`
--
ALTER TABLE `service_commissions`
  MODIFY `commission_id` int NOT NULL AUTO_INCREMENT, AUTO_INCREMENT=744;

--
-- AUTO_INCREMENT for table `users`
--
ALTER TABLE `users`
  MODIFY `user_id` int NOT NULL AUTO_INCREMENT, AUTO_INCREMENT=3;

--
-- AUTO_INCREMENT for table `worker`
--
ALTER TABLE `worker`
  MODIFY `worker_id` int NOT NULL AUTO_INCREMENT, AUTO_INCREMENT=26;
COMMIT;

/*!40101 SET CHARACTER_SET_CLIENT=@OLD_CHARACTER_SET_CLIENT */;
/*!40101 SET CHARACTER_SET_RESULTS=@OLD_CHARACTER_SET_RESULTS */;
/*!40101 SET COLLATION_CONNECTION=@OLD_COLLATION_CONNECTION */;
